Disease,Drug,pairs,Disease Protein,Drug Protein,PPI_Distance,PPI_Distance_Z_score,p value,p value_adjust
Arrhythmias,Methylphenidate,"['Arrhythmias', 'Methylphenidate']","[10008, 100126336, 10021, 10060, 10090, 10142, 1021, 1026, 10277, 10466, 10529, 1071, 1073, 1081, 11017, 11280, 1129, 114907, 1215, 124626, 134, 136, 1401, 1441, 144453, 145781, 146, 147, 148, 1482, 150, 151, 152, 1520, 152002, 153, 154, 1557, 1636, 1674, 168507, 1813, 1832, 1901, 1906, 1909, 1910, 196385, 2042, 2056, 2066, 207, 2100, 2147, 2157, 2159, 2168, 217, 221035, 221656, 222553, 2243, 2244, 2250, 22822, 22955, 23039, 23066, 23171, 23177, 23224, 23353, 23411, 23493, 23630, 240, 241, 25, 2539, 255738, 26010, 26018, 2626, 2702, 27329, 282996, 2847, 287, 28965, 2904, 2908, 29098, 2969, 2995, 3039, 3040, 3156, 3298, 3303, 3304, 3339, 335, 3356, 3360, 338442, 3458, 3480, 3553, 3606, 3630, 367, 3674, 3690, 3741, 3752, 3757, 3759, 376132, 3762, 3764, 3781, 3782, 3791, 3797, 387119, 3932, 3988, 4000, 406903, 406913, 406959, 406978, 406982, 407010, 407014, 407029, 407050, 4092, 4137, 4233, 427, 4306, 4311, 432, 442890, 4624, 4625, 463, 4641, 4666, 47, 476, 477, 478, 481, 482, 483, 4843, 4846, 4879, 4886, 495, 5062, 51079, 51320, 5139, 51807, 5294, 5308, 5318, 5319, 5340, 5350, 5396, 5443, 5465, 54795, 54897, 552, 5523, 55777, 55800, 5624, 5695, 57120, 574031, 5742, 5743, 574447, 5747, 5753, 57666, 58499, 58529, 59345, 5972, 611, 6123, 6187, 6262, 6300, 6310, 6324, 6327, 6331, 6336, 6401, 64207, 64326, 6442, 64710, 64805, 65055, 6508, 6523, 6524, 6548, 6550, 6586, 6653, 6660, 6665, 6714, 6833, 6910, 6915, 7068, 7083, 7124, 7139, 727, 7273, 7276, 7434, 7450, 7456, 7473, 7478, 7514, 775, 776, 781, 783, 7871, 79001, 7941, 79591, 79658, 79933, 8022, 805, 8082, 8110, 813, 817, 83938, 845, 8451, 84649, 84665, 84700, 84909, 8497, 857, 858, 8654, 8742, 8767, 8925, 8972, 89797, 8988, 90102, 9026, 9148, 9267, 931, 93649, 9464, 9472, 9499, 9570, 9586, 9644, 9736, 9915, 9948, 9960, 9992]","[1066, 152, 1815, 2353, 3350, 6530, 6531, 6532, 9407, 9456]",1.2,-1.94696153,0.01,0.42
Arrhythmias,Amphetamine,"['Arrhythmias', 'Amphetamine']","[10008, 100126336, 10021, 10060, 10090, 10142, 1021, 1026, 10277, 10466, 10529, 1071, 1073, 1081, 11017, 11280, 1129, 114907, 1215, 124626, 134, 136, 1401, 1441, 144453, 145781, 146, 147, 148, 1482, 150, 151, 152, 1520, 152002, 153, 154, 1557, 1636, 1674, 168507, 1813, 1832, 1901, 1906, 1909, 1910, 196385, 2042, 2056, 2066, 207, 2100, 2147, 2157, 2159, 2168, 217, 221035, 221656, 222553, 2243, 2244, 2250, 22822, 22955, 23039, 23066, 23171, 23177, 23224, 23353, 23411, 23493, 23630, 240, 241, 25, 2539, 255738, 26010, 26018, 2626, 2702, 27329, 282996, 2847, 287, 28965, 2904, 2908, 29098, 2969, 2995, 3039, 3040, 3156, 3298, 3303, 3304, 3339, 335, 3356, 3360, 338442, 3458, 3480, 3553, 3606, 3630, 367, 3674, 3690, 3741, 3752, 3757, 3759, 376132, 3762, 3764, 3781, 3782, 3791, 3797, 387119, 3932, 3988, 4000, 406903, 406913, 406959, 406978, 406982, 407010, 407014, 407029, 407050, 4092, 4137, 4233, 427, 4306, 4311, 432, 442890, 4624, 4625, 463, 4641, 4666, 47, 476, 477, 478, 481, 482, 483, 4843, 4846, 4879, 4886, 495, 5062, 51079, 51320, 5139, 51807, 5294, 5308, 5318, 5319, 5340, 5350, 5396, 5443, 5465, 54795, 54897, 552, 5523, 55777, 55800, 5624, 5695, 57120, 574031, 5742, 5743, 574447, 5747, 5753, 57666, 58499, 58529, 59345, 5972, 611, 6123, 6187, 6262, 6300, 6310, 6324, 6327, 6331, 6336, 6401, 64207, 64326, 6442, 64710, 64805, 65055, 6508, 6523, 6524, 6548, 6550, 6586, 6653, 6660, 6665, 6714, 6833, 6910, 6915, 7068, 7083, 7124, 7139, 727, 7273, 7276, 7434, 7450, 7456, 7473, 7478, 7514, 775, 776, 781, 783, 7871, 79001, 7941, 79591, 79658, 79933, 8022, 805, 8082, 8110, 813, 817, 83938, 845, 8451, 84649, 84665, 84700, 84909, 8497, 857, 858, 8654, 8742, 8767, 8925, 8972, 89797, 8988, 90102, 9026, 9148, 9267, 931, 93649, 9464, 9472, 9499, 9570, 9586, 9644, 9736, 9915, 9948, 9960, 9992]","[116, 134864, 135, 1390, 147, 148, 150, 153, 1548, 1565, 1813, 2247, 2353, 2572, 2697, 2890, 2902, 2915, 3020, 3021, 3363, 3758, 4128, 4129, 468, 4803, 51655, 5173, 5595, 5999, 6530, 6531, 6532, 6571, 6581, 6584, 6622, 6794, 7054, 7098, 84152, 847, 9407, 9607]",1.25,-2.793529958,0.003,0.126
Arrhythmias,Dexamphetamine ,"['Arrhythmias', 'Dexamphetamine (Dextroamphetamine)']","[10008, 100126336, 10021, 10060, 10090, 10142, 1021, 1026, 10277, 10466, 10529, 1071, 1073, 1081, 11017, 11280, 1129, 114907, 1215, 124626, 134, 136, 1401, 1441, 144453, 145781, 146, 147, 148, 1482, 150, 151, 152, 1520, 152002, 153, 154, 1557, 1636, 1674, 168507, 1813, 1832, 1901, 1906, 1909, 1910, 196385, 2042, 2056, 2066, 207, 2100, 2147, 2157, 2159, 2168, 217, 221035, 221656, 222553, 2243, 2244, 2250, 22822, 22955, 23039, 23066, 23171, 23177, 23224, 23353, 23411, 23493, 23630, 240, 241, 25, 2539, 255738, 26010, 26018, 2626, 2702, 27329, 282996, 2847, 287, 28965, 2904, 2908, 29098, 2969, 2995, 3039, 3040, 3156, 3298, 3303, 3304, 3339, 335, 3356, 3360, 338442, 3458, 3480, 3553, 3606, 3630, 367, 3674, 3690, 3741, 3752, 3757, 3759, 376132, 3762, 3764, 3781, 3782, 3791, 3797, 387119, 3932, 3988, 4000, 406903, 406913, 406959, 406978, 406982, 407010, 407014, 407029, 407050, 4092, 4137, 4233, 427, 4306, 4311, 432, 442890, 4624, 4625, 463, 4641, 4666, 47, 476, 477, 478, 481, 482, 483, 4843, 4846, 4879, 4886, 495, 5062, 51079, 51320, 5139, 51807, 5294, 5308, 5318, 5319, 5340, 5350, 5396, 5443, 5465, 54795, 54897, 552, 5523, 55777, 55800, 5624, 5695, 57120, 574031, 5742, 5743, 574447, 5747, 5753, 57666, 58499, 58529, 59345, 5972, 611, 6123, 6187, 6262, 6300, 6310, 6324, 6327, 6331, 6336, 6401, 64207, 64326, 6442, 64710, 64805, 65055, 6508, 6523, 6524, 6548, 6550, 6586, 6653, 6660, 6665, 6714, 6833, 6910, 6915, 7068, 7083, 7124, 7139, 727, 7273, 7276, 7434, 7450, 7456, 7473, 7478, 7514, 775, 776, 781, 783, 7871, 79001, 7941, 79591, 79658, 79933, 8022, 805, 8082, 8110, 813, 817, 83938, 845, 8451, 84649, 84665, 84700, 84909, 8497, 857, 858, 8654, 8742, 8767, 8925, 8972, 89797, 8988, 90102, 9026, 9148, 9267, 931, 93649, 9464, 9472, 9499, 9570, 9586, 9644, 9736, 9915, 9948, 9960, 9992]","[134864, 147, 1565, 6530, 6531, 6571]",1.5,-1.27897909,0.059,1.0
Arrhythmias,Lisdexamfetamine,"['Arrhythmias', 'Lisdexamfetamine']","[10008, 100126336, 10021, 10060, 10090, 10142, 1021, 1026, 10277, 10466, 10529, 1071, 1073, 1081, 11017, 11280, 1129, 114907, 1215, 124626, 134, 136, 1401, 1441, 144453, 145781, 146, 147, 148, 1482, 150, 151, 152, 1520, 152002, 153, 154, 1557, 1636, 1674, 168507, 1813, 1832, 1901, 1906, 1909, 1910, 196385, 2042, 2056, 2066, 207, 2100, 2147, 2157, 2159, 2168, 217, 221035, 221656, 222553, 2243, 2244, 2250, 22822, 22955, 23039, 23066, 23171, 23177, 23224, 23353, 23411, 23493, 23630, 240, 241, 25, 2539, 255738, 26010, 26018, 2626, 2702, 27329, 282996, 2847, 287, 28965, 2904, 2908, 29098, 2969, 2995, 3039, 3040, 3156, 3298, 3303, 3304, 3339, 335, 3356, 3360, 338442, 3458, 3480, 3553, 3606, 3630, 367, 3674, 3690, 3741, 3752, 3757, 3759, 376132, 3762, 3764, 3781, 3782, 3791, 3797, 387119, 3932, 3988, 4000, 406903, 406913, 406959, 406978, 406982, 407010, 407014, 407029, 407050, 4092, 4137, 4233, 427, 4306, 4311, 432, 442890, 4624, 4625, 463, 4641, 4666, 47, 476, 477, 478, 481, 482, 483, 4843, 4846, 4879, 4886, 495, 5062, 51079, 51320, 5139, 51807, 5294, 5308, 5318, 5319, 5340, 5350, 5396, 5443, 5465, 54795, 54897, 552, 5523, 55777, 55800, 5624, 5695, 57120, 574031, 5742, 5743, 574447, 5747, 5753, 57666, 58499, 58529, 59345, 5972, 611, 6123, 6187, 6262, 6300, 6310, 6324, 6327, 6331, 6336, 6401, 64207, 64326, 6442, 64710, 64805, 65055, 6508, 6523, 6524, 6548, 6550, 6586, 6653, 6660, 6665, 6714, 6833, 6910, 6915, 7068, 7083, 7124, 7139, 727, 7273, 7276, 7434, 7450, 7456, 7473, 7478, 7514, 775, 776, 781, 783, 7871, 79001, 7941, 79591, 79658, 79933, 8022, 805, 8082, 8110, 813, 817, 83938, 845, 8451, 84649, 84665, 84700, 84909, 8497, 857, 858, 8654, 8742, 8767, 8925, 8972, 89797, 8988, 90102, 9026, 9148, 9267, 931, 93649, 9464, 9472, 9499, 9570, 9586, 9644, 9736, 9915, 9948, 9960, 9992]","[134864, 1565, 6564]",1.6666666666666667,0.1603316425537473,0.227,1.0
Arrhythmias,Atomoxetine,"['Arrhythmias', 'Nonstimulants(atomoxetine)']","[10008, 100126336, 10021, 10060, 10090, 10142, 1021, 1026, 10277, 10466, 10529, 1071, 1073, 1081, 11017, 11280, 1129, 114907, 1215, 124626, 134, 136, 1401, 1441, 144453, 145781, 146, 147, 148, 1482, 150, 151, 152, 1520, 152002, 153, 154, 1557, 1636, 1674, 168507, 1813, 1832, 1901, 1906, 1909, 1910, 196385, 2042, 2056, 2066, 207, 2100, 2147, 2157, 2159, 2168, 217, 221035, 221656, 222553, 2243, 2244, 2250, 22822, 22955, 23039, 23066, 23171, 23177, 23224, 23353, 23411, 23493, 23630, 240, 241, 25, 2539, 255738, 26010, 26018, 2626, 2702, 27329, 282996, 2847, 287, 28965, 2904, 2908, 29098, 2969, 2995, 3039, 3040, 3156, 3298, 3303, 3304, 3339, 335, 3356, 3360, 338442, 3458, 3480, 3553, 3606, 3630, 367, 3674, 3690, 3741, 3752, 3757, 3759, 376132, 3762, 3764, 3781, 3782, 3791, 3797, 387119, 3932, 3988, 4000, 406903, 406913, 406959, 406978, 406982, 407010, 407014, 407029, 407050, 4092, 4137, 4233, 427, 4306, 4311, 432, 442890, 4624, 4625, 463, 4641, 4666, 47, 476, 477, 478, 481, 482, 483, 4843, 4846, 4879, 4886, 495, 5062, 51079, 51320, 5139, 51807, 5294, 5308, 5318, 5319, 5340, 5350, 5396, 5443, 5465, 54795, 54897, 552, 5523, 55777, 55800, 5624, 5695, 57120, 574031, 5742, 5743, 574447, 5747, 5753, 57666, 58499, 58529, 59345, 5972, 611, 6123, 6187, 6262, 6300, 6310, 6324, 6327, 6331, 6336, 6401, 64207, 64326, 6442, 64710, 64805, 65055, 6508, 6523, 6524, 6548, 6550, 6586, 6653, 6660, 6665, 6714, 6833, 6910, 6915, 7068, 7083, 7124, 7139, 727, 7273, 7276, 7434, 7450, 7456, 7473, 7478, 7514, 775, 776, 781, 783, 7871, 79001, 7941, 79591, 79658, 79933, 8022, 805, 8082, 8110, 813, 817, 83938, 845, 8451, 84649, 84665, 84700, 84909, 8497, 857, 858, 8654, 8742, 8767, 8925, 8972, 89797, 8988, 90102, 9026, 9148, 9267, 931, 93649, 9464, 9472, 9499, 9570, 9586, 9644, 9736, 9915, 9948, 9960, 9992]","[1557, 1565, 213, 2209, 3760, 4986, 6530, 6532]",1.25,-2.117646651,0.011,0.4619999999999999
Arrhythmias,Guanfacine,"['Arrhythmias', 'Guanfacine']","[10008, 100126336, 10021, 10060, 10090, 10142, 1021, 1026, 10277, 10466, 10529, 1071, 1073, 1081, 11017, 11280, 1129, 114907, 1215, 124626, 134, 136, 1401, 1441, 144453, 145781, 146, 147, 148, 1482, 150, 151, 152, 1520, 152002, 153, 154, 1557, 1636, 1674, 168507, 1813, 1832, 1901, 1906, 1909, 1910, 196385, 2042, 2056, 2066, 207, 2100, 2147, 2157, 2159, 2168, 217, 221035, 221656, 222553, 2243, 2244, 2250, 22822, 22955, 23039, 23066, 23171, 23177, 23224, 23353, 23411, 23493, 23630, 240, 241, 25, 2539, 255738, 26010, 26018, 2626, 2702, 27329, 282996, 2847, 287, 28965, 2904, 2908, 29098, 2969, 2995, 3039, 3040, 3156, 3298, 3303, 3304, 3339, 335, 3356, 3360, 338442, 3458, 3480, 3553, 3606, 3630, 367, 3674, 3690, 3741, 3752, 3757, 3759, 376132, 3762, 3764, 3781, 3782, 3791, 3797, 387119, 3932, 3988, 4000, 406903, 406913, 406959, 406978, 406982, 407010, 407014, 407029, 407050, 4092, 4137, 4233, 427, 4306, 4311, 432, 442890, 4624, 4625, 463, 4641, 4666, 47, 476, 477, 478, 481, 482, 483, 4843, 4846, 4879, 4886, 495, 5062, 51079, 51320, 5139, 51807, 5294, 5308, 5318, 5319, 5340, 5350, 5396, 5443, 5465, 54795, 54897, 552, 5523, 55777, 55800, 5624, 5695, 57120, 574031, 5742, 5743, 574447, 5747, 5753, 57666, 58499, 58529, 59345, 5972, 611, 6123, 6187, 6262, 6300, 6310, 6324, 6327, 6331, 6336, 6401, 64207, 64326, 6442, 64710, 64805, 65055, 6508, 6523, 6524, 6548, 6550, 6586, 6653, 6660, 6665, 6714, 6833, 6910, 6915, 7068, 7083, 7124, 7139, 727, 7273, 7276, 7434, 7450, 7456, 7473, 7478, 7514, 775, 776, 781, 783, 7871, 79001, 7941, 79591, 79658, 79933, 8022, 805, 8082, 8110, 813, 817, 83938, 845, 8451, 84649, 84665, 84700, 84909, 8497, 857, 858, 8654, 8742, 8767, 8925, 8972, 89797, 8988, 90102, 9026, 9148, 9267, 931, 93649, 9464, 9472, 9499, 9570, 9586, 9644, 9736, 9915, 9948, 9960, 9992]","[150, 151, 152, 1557, 1576, 5443, 55244, 5972, 6580, 6582]",0.8,-5.354959591,0.0,0.0
Arterial disease,Methylphenidate,"['Arterial disease', 'Methylphenidate']","[100, 10019, 10056, 10062, 10155, 10428, 1066, 1071, 112398, 11251, 1129, 1137, 1215, 1269, 1277, 1281, 1289, 1290, 134, 135, 139760, 1401, 142, 1441, 146, 1514, 152, 1520, 153, 153090, 1535, 154, 1543, 1593, 1636, 177, 1813, 183, 1832, 19, 1901, 1909, 1910, 1956, 196, 207, 2099, 2101, 2103, 2104, 213, 2147, 2149, 2150, 2168, 217, 2200, 2213, 2222, 2243, 2244, 2246, 2247, 2260, 2277, 23034, 23057, 2316, 2321, 23411, 240, 241, 246, 25, 2539, 255738, 2697, 27329, 2908, 2941, 2944, 2952, 2982, 2983, 30008, 3002, 3039, 3040, 3082, 3156, 3240, 3269, 3290, 3304, 3339, 335, 3356, 337, 3383, 338442, 341, 3440, 345, 3458, 348, 3481, 3552, 3553, 356, 3569, 367, 3674, 368, 3685, 3690, 3791, 3902, 3932, 3949, 4015, 4018, 4048, 4057, 406884, 406885, 406886, 406887, 406891, 406903, 406910, 406913, 406919, 406921, 406937, 406943, 406961, 406966, 406982, 407010, 407011, 407014, 407018, 407029, 407034, 407054, 407056, 4088, 4142, 4233, 4282, 4306, 4311, 4312, 4313, 4318, 432, 4321, 442890, 442891, 442904, 4547, 4625, 4629, 4638, 47, 476, 4763, 477, 478, 4790, 4791, 481, 482, 483, 4843, 4846, 4864, 4883, 4886, 494337, 495, 4973, 5054, 5055, 50616, 5104, 51206, 51284, 5139, 5141, 5142, 5144, 5155, 5265, 5294, 5319, 5320, 5327, 538, 54106, 5444, 5465, 5467, 5468, 54984, 552, 5624, 5729, 5732, 5733, 5737, 5739, 574031, 574034, 5742, 5743, 574447, 5753, 5787, 5819, 5966, 5970, 5971, 5972, 602, 6093, 6097, 619556, 6300, 6311, 6335, 6347, 6348, 6351, 6387, 6403, 64240, 64805, 6497, 6523, 6524, 6568, 6647, 6648, 6714, 6774, 682, 6915, 695, 7010, 7040, 7046, 7048, 7083, 7099, 7124, 7157, 727, 7274, 729230, 7297, 7376, 7412, 7422, 7442, 781, 7852, 79001, 7941, 79651, 81031, 84649, 8654, 8767, 8856, 8877, 8972, 9021, 9365, 9370, 974, 9957, 9971]","[1066, 152, 1815, 2353, 3350, 6530, 6531, 6532, 9407, 9456]",1.0,-2.957614094,0.0,0.0
Arterial disease,Amphetamine,"['Arterial disease', 'Amphetamine']","[100, 10019, 10056, 10062, 10155, 10428, 1066, 1071, 112398, 11251, 1129, 1137, 1215, 1269, 1277, 1281, 1289, 1290, 134, 135, 139760, 1401, 142, 1441, 146, 1514, 152, 1520, 153, 153090, 1535, 154, 1543, 1593, 1636, 177, 1813, 183, 1832, 19, 1901, 1909, 1910, 1956, 196, 207, 2099, 2101, 2103, 2104, 213, 2147, 2149, 2150, 2168, 217, 2200, 2213, 2222, 2243, 2244, 2246, 2247, 2260, 2277, 23034, 23057, 2316, 2321, 23411, 240, 241, 246, 25, 2539, 255738, 2697, 27329, 2908, 2941, 2944, 2952, 2982, 2983, 30008, 3002, 3039, 3040, 3082, 3156, 3240, 3269, 3290, 3304, 3339, 335, 3356, 337, 3383, 338442, 341, 3440, 345, 3458, 348, 3481, 3552, 3553, 356, 3569, 367, 3674, 368, 3685, 3690, 3791, 3902, 3932, 3949, 4015, 4018, 4048, 4057, 406884, 406885, 406886, 406887, 406891, 406903, 406910, 406913, 406919, 406921, 406937, 406943, 406961, 406966, 406982, 407010, 407011, 407014, 407018, 407029, 407034, 407054, 407056, 4088, 4142, 4233, 4282, 4306, 4311, 4312, 4313, 4318, 432, 4321, 442890, 442891, 442904, 4547, 4625, 4629, 4638, 47, 476, 4763, 477, 478, 4790, 4791, 481, 482, 483, 4843, 4846, 4864, 4883, 4886, 494337, 495, 4973, 5054, 5055, 50616, 5104, 51206, 51284, 5139, 5141, 5142, 5144, 5155, 5265, 5294, 5319, 5320, 5327, 538, 54106, 5444, 5465, 5467, 5468, 54984, 552, 5624, 5729, 5732, 5733, 5737, 5739, 574031, 574034, 5742, 5743, 574447, 5753, 5787, 5819, 5966, 5970, 5971, 5972, 602, 6093, 6097, 619556, 6300, 6311, 6335, 6347, 6348, 6351, 6387, 6403, 64240, 64805, 6497, 6523, 6524, 6568, 6647, 6648, 6714, 6774, 682, 6915, 695, 7010, 7040, 7046, 7048, 7083, 7099, 7124, 7157, 727, 7274, 729230, 7297, 7376, 7412, 7422, 7442, 781, 7852, 79001, 7941, 79651, 81031, 84649, 8654, 8767, 8856, 8877, 8972, 9021, 9365, 9370, 974, 9957, 9971]","[116, 134864, 135, 1390, 147, 148, 150, 153, 1548, 1565, 1813, 2247, 2353, 2572, 2697, 2890, 2902, 2915, 3020, 3021, 3363, 3758, 4128, 4129, 468, 4803, 51655, 5173, 5595, 5999, 6530, 6531, 6532, 6571, 6581, 6584, 6622, 6794, 7054, 7098, 84152, 847, 9407, 9607]",1.2045454545454546,-2.772947885,0.005,0.21
Arterial disease,Dexamphetamine ,"['Arterial disease', 'Dexamphetamine (Dextroamphetamine)']","[100, 10019, 10056, 10062, 10155, 10428, 1066, 1071, 112398, 11251, 1129, 1137, 1215, 1269, 1277, 1281, 1289, 1290, 134, 135, 139760, 1401, 142, 1441, 146, 1514, 152, 1520, 153, 153090, 1535, 154, 1543, 1593, 1636, 177, 1813, 183, 1832, 19, 1901, 1909, 1910, 1956, 196, 207, 2099, 2101, 2103, 2104, 213, 2147, 2149, 2150, 2168, 217, 2200, 2213, 2222, 2243, 2244, 2246, 2247, 2260, 2277, 23034, 23057, 2316, 2321, 23411, 240, 241, 246, 25, 2539, 255738, 2697, 27329, 2908, 2941, 2944, 2952, 2982, 2983, 30008, 3002, 3039, 3040, 3082, 3156, 3240, 3269, 3290, 3304, 3339, 335, 3356, 337, 3383, 338442, 341, 3440, 345, 3458, 348, 3481, 3552, 3553, 356, 3569, 367, 3674, 368, 3685, 3690, 3791, 3902, 3932, 3949, 4015, 4018, 4048, 4057, 406884, 406885, 406886, 406887, 406891, 406903, 406910, 406913, 406919, 406921, 406937, 406943, 406961, 406966, 406982, 407010, 407011, 407014, 407018, 407029, 407034, 407054, 407056, 4088, 4142, 4233, 4282, 4306, 4311, 4312, 4313, 4318, 432, 4321, 442890, 442891, 442904, 4547, 4625, 4629, 4638, 47, 476, 4763, 477, 478, 4790, 4791, 481, 482, 483, 4843, 4846, 4864, 4883, 4886, 494337, 495, 4973, 5054, 5055, 50616, 5104, 51206, 51284, 5139, 5141, 5142, 5144, 5155, 5265, 5294, 5319, 5320, 5327, 538, 54106, 5444, 5465, 5467, 5468, 54984, 552, 5624, 5729, 5732, 5733, 5737, 5739, 574031, 574034, 5742, 5743, 574447, 5753, 5787, 5819, 5966, 5970, 5971, 5972, 602, 6093, 6097, 619556, 6300, 6311, 6335, 6347, 6348, 6351, 6387, 6403, 64240, 64805, 6497, 6523, 6524, 6568, 6647, 6648, 6714, 6774, 682, 6915, 695, 7010, 7040, 7046, 7048, 7083, 7099, 7124, 7157, 727, 7274, 729230, 7297, 7376, 7412, 7422, 7442, 781, 7852, 79001, 7941, 79651, 81031, 84649, 8654, 8767, 8856, 8877, 8972, 9021, 9365, 9370, 974, 9957, 9971]","[134864, 147, 1565, 6530, 6531, 6571]",1.6666666666666667,-0.102260202,0.275,1.0
Arterial disease,Lisdexamfetamine,"['Arterial disease', 'Lisdexamfetamine']","[100, 10019, 10056, 10062, 10155, 10428, 1066, 1071, 112398, 11251, 1129, 1137, 1215, 1269, 1277, 1281, 1289, 1290, 134, 135, 139760, 1401, 142, 1441, 146, 1514, 152, 1520, 153, 153090, 1535, 154, 1543, 1593, 1636, 177, 1813, 183, 1832, 19, 1901, 1909, 1910, 1956, 196, 207, 2099, 2101, 2103, 2104, 213, 2147, 2149, 2150, 2168, 217, 2200, 2213, 2222, 2243, 2244, 2246, 2247, 2260, 2277, 23034, 23057, 2316, 2321, 23411, 240, 241, 246, 25, 2539, 255738, 2697, 27329, 2908, 2941, 2944, 2952, 2982, 2983, 30008, 3002, 3039, 3040, 3082, 3156, 3240, 3269, 3290, 3304, 3339, 335, 3356, 337, 3383, 338442, 341, 3440, 345, 3458, 348, 3481, 3552, 3553, 356, 3569, 367, 3674, 368, 3685, 3690, 3791, 3902, 3932, 3949, 4015, 4018, 4048, 4057, 406884, 406885, 406886, 406887, 406891, 406903, 406910, 406913, 406919, 406921, 406937, 406943, 406961, 406966, 406982, 407010, 407011, 407014, 407018, 407029, 407034, 407054, 407056, 4088, 4142, 4233, 4282, 4306, 4311, 4312, 4313, 4318, 432, 4321, 442890, 442891, 442904, 4547, 4625, 4629, 4638, 47, 476, 4763, 477, 478, 4790, 4791, 481, 482, 483, 4843, 4846, 4864, 4883, 4886, 494337, 495, 4973, 5054, 5055, 50616, 5104, 51206, 51284, 5139, 5141, 5142, 5144, 5155, 5265, 5294, 5319, 5320, 5327, 538, 54106, 5444, 5465, 5467, 5468, 54984, 552, 5624, 5729, 5732, 5733, 5737, 5739, 574031, 574034, 5742, 5743, 574447, 5753, 5787, 5819, 5966, 5970, 5971, 5972, 602, 6093, 6097, 619556, 6300, 6311, 6335, 6347, 6348, 6351, 6387, 6403, 64240, 64805, 6497, 6523, 6524, 6568, 6647, 6648, 6714, 6774, 682, 6915, 695, 7010, 7040, 7046, 7048, 7083, 7099, 7124, 7157, 727, 7274, 729230, 7297, 7376, 7412, 7422, 7442, 781, 7852, 79001, 7941, 79651, 81031, 84649, 8654, 8767, 8856, 8877, 8972, 9021, 9365, 9370, 974, 9957, 9971]","[134864, 1565, 6564]",2.0,1.712456118392254,0.902,1.0
Arterial disease,Atomoxetine,"['Arterial disease', 'Nonstimulants(atomoxetine)']","[100, 10019, 10056, 10062, 10155, 10428, 1066, 1071, 112398, 11251, 1129, 1137, 1215, 1269, 1277, 1281, 1289, 1290, 134, 135, 139760, 1401, 142, 1441, 146, 1514, 152, 1520, 153, 153090, 1535, 154, 1543, 1593, 1636, 177, 1813, 183, 1832, 19, 1901, 1909, 1910, 1956, 196, 207, 2099, 2101, 2103, 2104, 213, 2147, 2149, 2150, 2168, 217, 2200, 2213, 2222, 2243, 2244, 2246, 2247, 2260, 2277, 23034, 23057, 2316, 2321, 23411, 240, 241, 246, 25, 2539, 255738, 2697, 27329, 2908, 2941, 2944, 2952, 2982, 2983, 30008, 3002, 3039, 3040, 3082, 3156, 3240, 3269, 3290, 3304, 3339, 335, 3356, 337, 3383, 338442, 341, 3440, 345, 3458, 348, 3481, 3552, 3553, 356, 3569, 367, 3674, 368, 3685, 3690, 3791, 3902, 3932, 3949, 4015, 4018, 4048, 4057, 406884, 406885, 406886, 406887, 406891, 406903, 406910, 406913, 406919, 406921, 406937, 406943, 406961, 406966, 406982, 407010, 407011, 407014, 407018, 407029, 407034, 407054, 407056, 4088, 4142, 4233, 4282, 4306, 4311, 4312, 4313, 4318, 432, 4321, 442890, 442891, 442904, 4547, 4625, 4629, 4638, 47, 476, 4763, 477, 478, 4790, 4791, 481, 482, 483, 4843, 4846, 4864, 4883, 4886, 494337, 495, 4973, 5054, 5055, 50616, 5104, 51206, 51284, 5139, 5141, 5142, 5144, 5155, 5265, 5294, 5319, 5320, 5327, 538, 54106, 5444, 5465, 5467, 5468, 54984, 552, 5624, 5729, 5732, 5733, 5737, 5739, 574031, 574034, 5742, 5743, 574447, 5753, 5787, 5819, 5966, 5970, 5971, 5972, 602, 6093, 6097, 619556, 6300, 6311, 6335, 6347, 6348, 6351, 6387, 6403, 64240, 64805, 6497, 6523, 6524, 6568, 6647, 6648, 6714, 6774, 682, 6915, 695, 7010, 7040, 7046, 7048, 7083, 7099, 7124, 7157, 727, 7274, 729230, 7297, 7376, 7412, 7422, 7442, 781, 7852, 79001, 7941, 79651, 81031, 84649, 8654, 8767, 8856, 8877, 8972, 9021, 9365, 9370, 974, 9957, 9971]","[1557, 1565, 213, 2209, 3760, 4986, 6530, 6532]",1.5,-0.312798515,0.252,1.0
Arterial disease,Guanfacine,"['Arterial disease', 'Guanfacine']","[100, 10019, 10056, 10062, 10155, 10428, 1066, 1071, 112398, 11251, 1129, 1137, 1215, 1269, 1277, 1281, 1289, 1290, 134, 135, 139760, 1401, 142, 1441, 146, 1514, 152, 1520, 153, 153090, 1535, 154, 1543, 1593, 1636, 177, 1813, 183, 1832, 19, 1901, 1909, 1910, 1956, 196, 207, 2099, 2101, 2103, 2104, 213, 2147, 2149, 2150, 2168, 217, 2200, 2213, 2222, 2243, 2244, 2246, 2247, 2260, 2277, 23034, 23057, 2316, 2321, 23411, 240, 241, 246, 25, 2539, 255738, 2697, 27329, 2908, 2941, 2944, 2952, 2982, 2983, 30008, 3002, 3039, 3040, 3082, 3156, 3240, 3269, 3290, 3304, 3339, 335, 3356, 337, 3383, 338442, 341, 3440, 345, 3458, 348, 3481, 3552, 3553, 356, 3569, 367, 3674, 368, 3685, 3690, 3791, 3902, 3932, 3949, 4015, 4018, 4048, 4057, 406884, 406885, 406886, 406887, 406891, 406903, 406910, 406913, 406919, 406921, 406937, 406943, 406961, 406966, 406982, 407010, 407011, 407014, 407018, 407029, 407034, 407054, 407056, 4088, 4142, 4233, 4282, 4306, 4311, 4312, 4313, 4318, 432, 4321, 442890, 442891, 442904, 4547, 4625, 4629, 4638, 47, 476, 4763, 477, 478, 4790, 4791, 481, 482, 483, 4843, 4846, 4864, 4883, 4886, 494337, 495, 4973, 5054, 5055, 50616, 5104, 51206, 51284, 5139, 5141, 5142, 5144, 5155, 5265, 5294, 5319, 5320, 5327, 538, 54106, 5444, 5465, 5467, 5468, 54984, 552, 5624, 5729, 5732, 5733, 5737, 5739, 574031, 574034, 5742, 5743, 574447, 5753, 5787, 5819, 5966, 5970, 5971, 5972, 602, 6093, 6097, 619556, 6300, 6311, 6335, 6347, 6348, 6351, 6387, 6403, 64240, 64805, 6497, 6523, 6524, 6568, 6647, 6648, 6714, 6774, 682, 6915, 695, 7010, 7040, 7046, 7048, 7083, 7099, 7124, 7157, 727, 7274, 729230, 7297, 7376, 7412, 7422, 7442, 781, 7852, 79001, 7941, 79651, 81031, 84649, 8654, 8767, 8856, 8877, 8972, 9021, 9365, 9370, 974, 9957, 9971]","[150, 151, 152, 1557, 1576, 5443, 55244, 5972, 6580, 6582]",1.4,-1.052058121,0.081,1.0
Cerebrovascular disease,Methylphenidate,"['Cerebrovascular disease', 'Methylphenidate']","[1071, 1129, 1215, 1270, 1282, 1284, 134, 1401, 1441, 1520, 154, 1636, 1813, 182, 1901, 1906, 1909, 1910, 2006, 207, 2147, 2155, 2168, 217, 219699, 2243, 2244, 2321, 240, 241, 25, 2539, 255738, 25939, 2717, 27329, 29914, 3039, 3040, 3106, 3119, 3123, 3156, 3162, 3163, 335, 3356, 338442, 3553, 367, 3674, 368, 3685, 3690, 3791, 3932, 4018, 4233, 4306, 4311, 4313, 4314, 4318, 432, 462, 47, 476, 4763, 477, 478, 481, 482, 483, 4843, 4864, 4879, 4886, 495, 5116, 5139, 5294, 5319, 5327, 5328, 538, 5443, 5465, 5468, 552, 5624, 5654, 5742, 5743, 5753, 57572, 57674, 581, 59, 596, 5972, 598, 6285, 6300, 64805, 6523, 6524, 6696, 6714, 6915, 7083, 727, 7422, 7450, 781, 79184, 7941, 81031, 836, 841, 84649, 8654, 8767, 8972, 9423, 9963]","[1066, 152, 1815, 2353, 3350, 6530, 6531, 6532, 9407, 9456]",1.6,-0.710949473,0.138,1.0
Cerebrovascular disease,Amphetamine,"['Cerebrovascular disease', 'Amphetamine']","[1071, 1129, 1215, 1270, 1282, 1284, 134, 1401, 1441, 1520, 154, 1636, 1813, 182, 1901, 1906, 1909, 1910, 2006, 207, 2147, 2155, 2168, 217, 219699, 2243, 2244, 2321, 240, 241, 25, 2539, 255738, 25939, 2717, 27329, 29914, 3039, 3040, 3106, 3119, 3123, 3156, 3162, 3163, 335, 3356, 338442, 3553, 367, 3674, 368, 3685, 3690, 3791, 3932, 4018, 4233, 4306, 4311, 4313, 4314, 4318, 432, 462, 47, 476, 4763, 477, 478, 481, 482, 483, 4843, 4864, 4879, 4886, 495, 5116, 5139, 5294, 5319, 5327, 5328, 538, 5443, 5465, 5468, 552, 5624, 5654, 5742, 5743, 5753, 57572, 57674, 581, 59, 596, 5972, 598, 6285, 6300, 64805, 6523, 6524, 6696, 6714, 6915, 7083, 727, 7422, 7450, 781, 79184, 7941, 81031, 836, 841, 84649, 8654, 8767, 8972, 9423, 9963]","[116, 134864, 135, 1390, 147, 148, 150, 153, 1548, 1565, 1813, 2247, 2353, 2572, 2697, 2890, 2902, 2915, 3020, 3021, 3363, 3758, 4128, 4129, 468, 4803, 51655, 5173, 5595, 5999, 6530, 6531, 6532, 6571, 6581, 6584, 6622, 6794, 7054, 7098, 84152, 847, 9407, 9607]",1.5454545454545454,-1.469635734,0.047,1.0
Cerebrovascular disease,Dexamphetamine ,"['Cerebrovascular disease', 'Dexamphetamine (Dextroamphetamine)']","[1071, 1129, 1215, 1270, 1282, 1284, 134, 1401, 1441, 1520, 154, 1636, 1813, 182, 1901, 1906, 1909, 1910, 2006, 207, 2147, 2155, 2168, 217, 219699, 2243, 2244, 2321, 240, 241, 25, 2539, 255738, 25939, 2717, 27329, 29914, 3039, 3040, 3106, 3119, 3123, 3156, 3162, 3163, 335, 3356, 338442, 3553, 367, 3674, 368, 3685, 3690, 3791, 3932, 4018, 4233, 4306, 4311, 4313, 4314, 4318, 432, 462, 47, 476, 4763, 477, 478, 481, 482, 483, 4843, 4864, 4879, 4886, 495, 5116, 5139, 5294, 5319, 5327, 5328, 538, 5443, 5465, 5468, 552, 5624, 5654, 5742, 5743, 5753, 57572, 57674, 581, 59, 596, 5972, 598, 6285, 6300, 64805, 6523, 6524, 6696, 6714, 6915, 7083, 727, 7422, 7450, 781, 79184, 7941, 81031, 836, 841, 84649, 8654, 8767, 8972, 9423, 9963]","[134864, 147, 1565, 6530, 6531, 6571]",1.8333333333333333,-0.377083547,0.154,1.0
Cerebrovascular disease,Lisdexamfetamine,"['Cerebrovascular disease', 'Lisdexamfetamine']","[1071, 1129, 1215, 1270, 1282, 1284, 134, 1401, 1441, 1520, 154, 1636, 1813, 182, 1901, 1906, 1909, 1910, 2006, 207, 2147, 2155, 2168, 217, 219699, 2243, 2244, 2321, 240, 241, 25, 2539, 255738, 25939, 2717, 27329, 29914, 3039, 3040, 3106, 3119, 3123, 3156, 3162, 3163, 335, 3356, 338442, 3553, 367, 3674, 368, 3685, 3690, 3791, 3932, 4018, 4233, 4306, 4311, 4313, 4314, 4318, 432, 462, 47, 476, 4763, 477, 478, 481, 482, 483, 4843, 4864, 4879, 4886, 495, 5116, 5139, 5294, 5319, 5327, 5328, 538, 5443, 5465, 5468, 552, 5624, 5654, 5742, 5743, 5753, 57572, 57674, 581, 59, 596, 5972, 598, 6285, 6300, 64805, 6523, 6524, 6696, 6714, 6915, 7083, 727, 7422, 7450, 781, 79184, 7941, 81031, 836, 841, 84649, 8654, 8767, 8972, 9423, 9963]","[134864, 1565, 6564]",2.333333333333333,2.3401048468030186,0.972,1.0
Cerebrovascular disease,Atomoxetine,"['Cerebrovascular disease', 'Nonstimulants(atomoxetine)']","[1071, 1129, 1215, 1270, 1282, 1284, 134, 1401, 1441, 1520, 154, 1636, 1813, 182, 1901, 1906, 1909, 1910, 2006, 207, 2147, 2155, 2168, 217, 219699, 2243, 2244, 2321, 240, 241, 25, 2539, 255738, 25939, 2717, 27329, 29914, 3039, 3040, 3106, 3119, 3123, 3156, 3162, 3163, 335, 3356, 338442, 3553, 367, 3674, 368, 3685, 3690, 3791, 3932, 4018, 4233, 4306, 4311, 4313, 4314, 4318, 432, 462, 47, 476, 4763, 477, 478, 481, 482, 483, 4843, 4864, 4879, 4886, 495, 5116, 5139, 5294, 5319, 5327, 5328, 538, 5443, 5465, 5468, 552, 5624, 5654, 5742, 5743, 5753, 57572, 57674, 581, 59, 596, 5972, 598, 6285, 6300, 64805, 6523, 6524, 6696, 6714, 6915, 7083, 727, 7422, 7450, 781, 79184, 7941, 81031, 836, 841, 84649, 8654, 8767, 8972, 9423, 9963]","[1557, 1565, 213, 2209, 3760, 4986, 6530, 6532]",1.875,0.6619063014264723,0.569,1.0
Cerebrovascular disease,Guanfacine,"['Cerebrovascular disease', 'Guanfacine']","[1071, 1129, 1215, 1270, 1282, 1284, 134, 1401, 1441, 1520, 154, 1636, 1813, 182, 1901, 1906, 1909, 1910, 2006, 207, 2147, 2155, 2168, 217, 219699, 2243, 2244, 2321, 240, 241, 25, 2539, 255738, 25939, 2717, 27329, 29914, 3039, 3040, 3106, 3119, 3123, 3156, 3162, 3163, 335, 3356, 338442, 3553, 367, 3674, 368, 3685, 3690, 3791, 3932, 4018, 4233, 4306, 4311, 4313, 4314, 4318, 432, 462, 47, 476, 4763, 477, 478, 481, 482, 483, 4843, 4864, 4879, 4886, 495, 5116, 5139, 5294, 5319, 5327, 5328, 538, 5443, 5465, 5468, 552, 5624, 5654, 5742, 5743, 5753, 57572, 57674, 581, 59, 596, 5972, 598, 6285, 6300, 64805, 6523, 6524, 6696, 6714, 6915, 7083, 727, 7422, 7450, 781, 79184, 7941, 81031, 836, 841, 84649, 8654, 8767, 8972, 9423, 9963]","[150, 151, 152, 1557, 1576, 5443, 55244, 5972, 6580, 6582]",1.6,-1.2332342,0.059,1.0
Heart failure,Methylphenidate,"['Heart failure', 'Methylphenidate']","[100126336, 100528019, 10060, 10087, 10102, 10112, 10345, 10516, 10529, 1071, 10848, 10891, 11034, 111, 11152, 11155, 11186, 112616, 1129, 113791, 1149, 115399, 116, 1161, 119, 1215, 122622, 1282, 1291, 1295, 134, 135, 136, 1375, 137735, 1395, 140, 1401, 1410, 142, 1431, 1432, 1437, 1440, 1441, 145781, 146, 1482, 148738, 1490, 1499, 150094, 152, 1520, 153, 1536, 154, 155, 1559, 156, 161725, 1621, 1636, 1674, 1675, 1756, 1774, 1813, 182, 1824, 1829, 183, 1832, 1837, 185, 187, 1901, 1906, 1909, 1910, 1952, 1956, 2004, 200539, 2010, 2053, 2056, 207, 213, 2147, 2168, 217, 2194, 2218, 2243, 2244, 2273, 22852, 23129, 2318, 23387, 23411, 23493, 240, 241, 246, 2475, 25, 2539, 2548, 255738, 25805, 25959, 26037, 2628, 2641, 2646, 26471, 2660, 27035, 27063, 27129, 2717, 27295, 27329, 282996, 284439, 2876, 2879, 2920, 2921, 2932, 29781, 2982, 2983, 29841, 3000, 3039, 3040, 3067, 3082, 3084, 3091, 31, 3156, 3162, 325, 3265, 3315, 3316, 3329, 3336, 335, 3356, 3357, 3360, 338442, 341, 3418, 3458, 347273, 35, 351, 353189, 355, 3552, 3553, 356, 3565, 3569, 3576, 359, 361, 3630, 367, 3674, 3688, 3690, 3705, 3728, 3753, 3757, 3791, 3845, 387119, 3910, 3920, 3932, 3939, 3990, 3992, 4000, 4023, 406884, 406885, 406886, 406887, 406891, 406903, 406910, 406913, 406919, 406921, 406937, 406940, 406951, 406978, 406985, 406994, 407010, 407011, 407014, 407018, 407029, 407034, 407036, 407050, 407053, 407054, 407056, 41, 4137, 4217, 4233, 4285, 4306, 4311, 432, 4353, 442890, 442891, 442917, 442918, 4512, 4607, 4609, 4624, 4625, 463, 4633, 4634, 4635, 467, 47, 4719, 472, 4720, 4729, 476, 477, 478, 4780, 481, 482, 483, 4830, 4843, 4846, 487, 4878, 4879, 488, 4881, 4882, 4883, 4886, 4893, 490, 494337, 495, 4973, 4987, 5037, 50507, 5054, 5105, 51079, 513, 5139, 51422, 51426, 5156, 51571, 5164, 5170, 51738, 51778, 5294, 5318, 5319, 5327, 5335, 5349, 5350, 5428, 54344, 5443, 54437, 5444, 5465, 5467, 5468, 54968, 5502, 55040, 551, 552, 55210, 554, 55534, 55596, 5563, 55679, 55759, 5577, 5581, 5594, 5595, 5600, 5604, 5605, 5609, 5617, 5624, 5663, 5664, 56672, 56729, 56899, 57057, 57158, 5734, 57381, 574034, 5741, 5742, 5743, 57521, 5753, 57538, 57699, 57724, 5774, 57794, 57798, 5781, 57817, 58, 58498, 5879, 5894, 59341, 59350, 5950, 5972, 5973, 6016, 602, 624, 6261, 6262, 6300, 6324, 6331, 6337, 6338, 6339, 6340, 6347, 6387, 6389, 6392, 64116, 6422, 64223, 64231, 6443, 6444, 6462, 64651, 64798, 64805, 65055, 6523, 6524, 6530, 6548, 6557, 6558, 6584, 6647, 6648, 6649, 6654, 6659, 6714, 673, 6774, 6833, 687, 6901, 6902, 6915, 6934, 70, 7066, 7067, 7083, 7097, 7112, 7124, 7132, 7134, 7137, 7139, 7157, 7168, 727, 7273, 7276, 7350, 7386, 7414, 7422, 7434, 7450, 7498, 7533, 760, 763, 7709, 773, 774, 775, 776, 777, 7781, 781, 7840, 79068, 79071, 79188, 7941, 79804, 80224, 8048, 8073, 81563, 81608, 8204, 8313, 84148, 84335, 8449, 845, 84649, 84665, 84676, 847, 84910, 85366, 8557, 859, 861, 8654, 873, 8767, 88, 8804, 8854, 8862, 8882, 8972, 90226, 9031, 91624, 9265, 92949, 93649, 9370, 9415, 9464, 947, 9475, 948, 9499, 9518, 9531, 9620, 994, 9997]","[1066, 152, 1815, 2353, 3350, 6530, 6531, 6532, 9407, 9456]",0.9,-2.809386029,0.0,0.0
Heart failure,Amphetamine,"['Heart failure', 'Amphetamine']","[100126336, 100528019, 10060, 10087, 10102, 10112, 10345, 10516, 10529, 1071, 10848, 10891, 11034, 111, 11152, 11155, 11186, 112616, 1129, 113791, 1149, 115399, 116, 1161, 119, 1215, 122622, 1282, 1291, 1295, 134, 135, 136, 1375, 137735, 1395, 140, 1401, 1410, 142, 1431, 1432, 1437, 1440, 1441, 145781, 146, 1482, 148738, 1490, 1499, 150094, 152, 1520, 153, 1536, 154, 155, 1559, 156, 161725, 1621, 1636, 1674, 1675, 1756, 1774, 1813, 182, 1824, 1829, 183, 1832, 1837, 185, 187, 1901, 1906, 1909, 1910, 1952, 1956, 2004, 200539, 2010, 2053, 2056, 207, 213, 2147, 2168, 217, 2194, 2218, 2243, 2244, 2273, 22852, 23129, 2318, 23387, 23411, 23493, 240, 241, 246, 2475, 25, 2539, 2548, 255738, 25805, 25959, 26037, 2628, 2641, 2646, 26471, 2660, 27035, 27063, 27129, 2717, 27295, 27329, 282996, 284439, 2876, 2879, 2920, 2921, 2932, 29781, 2982, 2983, 29841, 3000, 3039, 3040, 3067, 3082, 3084, 3091, 31, 3156, 3162, 325, 3265, 3315, 3316, 3329, 3336, 335, 3356, 3357, 3360, 338442, 341, 3418, 3458, 347273, 35, 351, 353189, 355, 3552, 3553, 356, 3565, 3569, 3576, 359, 361, 3630, 367, 3674, 3688, 3690, 3705, 3728, 3753, 3757, 3791, 3845, 387119, 3910, 3920, 3932, 3939, 3990, 3992, 4000, 4023, 406884, 406885, 406886, 406887, 406891, 406903, 406910, 406913, 406919, 406921, 406937, 406940, 406951, 406978, 406985, 406994, 407010, 407011, 407014, 407018, 407029, 407034, 407036, 407050, 407053, 407054, 407056, 41, 4137, 4217, 4233, 4285, 4306, 4311, 432, 4353, 442890, 442891, 442917, 442918, 4512, 4607, 4609, 4624, 4625, 463, 4633, 4634, 4635, 467, 47, 4719, 472, 4720, 4729, 476, 477, 478, 4780, 481, 482, 483, 4830, 4843, 4846, 487, 4878, 4879, 488, 4881, 4882, 4883, 4886, 4893, 490, 494337, 495, 4973, 4987, 5037, 50507, 5054, 5105, 51079, 513, 5139, 51422, 51426, 5156, 51571, 5164, 5170, 51738, 51778, 5294, 5318, 5319, 5327, 5335, 5349, 5350, 5428, 54344, 5443, 54437, 5444, 5465, 5467, 5468, 54968, 5502, 55040, 551, 552, 55210, 554, 55534, 55596, 5563, 55679, 55759, 5577, 5581, 5594, 5595, 5600, 5604, 5605, 5609, 5617, 5624, 5663, 5664, 56672, 56729, 56899, 57057, 57158, 5734, 57381, 574034, 5741, 5742, 5743, 57521, 5753, 57538, 57699, 57724, 5774, 57794, 57798, 5781, 57817, 58, 58498, 5879, 5894, 59341, 59350, 5950, 5972, 5973, 6016, 602, 624, 6261, 6262, 6300, 6324, 6331, 6337, 6338, 6339, 6340, 6347, 6387, 6389, 6392, 64116, 6422, 64223, 64231, 6443, 6444, 6462, 64651, 64798, 64805, 65055, 6523, 6524, 6530, 6548, 6557, 6558, 6584, 6647, 6648, 6649, 6654, 6659, 6714, 673, 6774, 6833, 687, 6901, 6902, 6915, 6934, 70, 7066, 7067, 7083, 7097, 7112, 7124, 7132, 7134, 7137, 7139, 7157, 7168, 727, 7273, 7276, 7350, 7386, 7414, 7422, 7434, 7450, 7498, 7533, 760, 763, 7709, 773, 774, 775, 776, 777, 7781, 781, 7840, 79068, 79071, 79188, 7941, 79804, 80224, 8048, 8073, 81563, 81608, 8204, 8313, 84148, 84335, 8449, 845, 84649, 84665, 84676, 847, 84910, 85366, 8557, 859, 861, 8654, 873, 8767, 88, 8804, 8854, 8862, 8882, 8972, 90226, 9031, 91624, 9265, 92949, 93649, 9370, 9415, 9464, 947, 9475, 948, 9499, 9518, 9531, 9620, 994, 9997]","[116, 134864, 135, 1390, 147, 148, 150, 153, 1548, 1565, 1813, 2247, 2353, 2572, 2697, 2890, 2902, 2915, 3020, 3021, 3363, 3758, 4128, 4129, 468, 4803, 51655, 5173, 5595, 5999, 6530, 6531, 6532, 6571, 6581, 6584, 6622, 6794, 7054, 7098, 84152, 847, 9407, 9607]",1.0,-4.159693829,0.0,0.0
Heart failure,Dexamphetamine ,"['Heart failure', 'Dexamphetamine (Dextroamphetamine)']","[100126336, 100528019, 10060, 10087, 10102, 10112, 10345, 10516, 10529, 1071, 10848, 10891, 11034, 111, 11152, 11155, 11186, 112616, 1129, 113791, 1149, 115399, 116, 1161, 119, 1215, 122622, 1282, 1291, 1295, 134, 135, 136, 1375, 137735, 1395, 140, 1401, 1410, 142, 1431, 1432, 1437, 1440, 1441, 145781, 146, 1482, 148738, 1490, 1499, 150094, 152, 1520, 153, 1536, 154, 155, 1559, 156, 161725, 1621, 1636, 1674, 1675, 1756, 1774, 1813, 182, 1824, 1829, 183, 1832, 1837, 185, 187, 1901, 1906, 1909, 1910, 1952, 1956, 2004, 200539, 2010, 2053, 2056, 207, 213, 2147, 2168, 217, 2194, 2218, 2243, 2244, 2273, 22852, 23129, 2318, 23387, 23411, 23493, 240, 241, 246, 2475, 25, 2539, 2548, 255738, 25805, 25959, 26037, 2628, 2641, 2646, 26471, 2660, 27035, 27063, 27129, 2717, 27295, 27329, 282996, 284439, 2876, 2879, 2920, 2921, 2932, 29781, 2982, 2983, 29841, 3000, 3039, 3040, 3067, 3082, 3084, 3091, 31, 3156, 3162, 325, 3265, 3315, 3316, 3329, 3336, 335, 3356, 3357, 3360, 338442, 341, 3418, 3458, 347273, 35, 351, 353189, 355, 3552, 3553, 356, 3565, 3569, 3576, 359, 361, 3630, 367, 3674, 3688, 3690, 3705, 3728, 3753, 3757, 3791, 3845, 387119, 3910, 3920, 3932, 3939, 3990, 3992, 4000, 4023, 406884, 406885, 406886, 406887, 406891, 406903, 406910, 406913, 406919, 406921, 406937, 406940, 406951, 406978, 406985, 406994, 407010, 407011, 407014, 407018, 407029, 407034, 407036, 407050, 407053, 407054, 407056, 41, 4137, 4217, 4233, 4285, 4306, 4311, 432, 4353, 442890, 442891, 442917, 442918, 4512, 4607, 4609, 4624, 4625, 463, 4633, 4634, 4635, 467, 47, 4719, 472, 4720, 4729, 476, 477, 478, 4780, 481, 482, 483, 4830, 4843, 4846, 487, 4878, 4879, 488, 4881, 4882, 4883, 4886, 4893, 490, 494337, 495, 4973, 4987, 5037, 50507, 5054, 5105, 51079, 513, 5139, 51422, 51426, 5156, 51571, 5164, 5170, 51738, 51778, 5294, 5318, 5319, 5327, 5335, 5349, 5350, 5428, 54344, 5443, 54437, 5444, 5465, 5467, 5468, 54968, 5502, 55040, 551, 552, 55210, 554, 55534, 55596, 5563, 55679, 55759, 5577, 5581, 5594, 5595, 5600, 5604, 5605, 5609, 5617, 5624, 5663, 5664, 56672, 56729, 56899, 57057, 57158, 5734, 57381, 574034, 5741, 5742, 5743, 57521, 5753, 57538, 57699, 57724, 5774, 57794, 57798, 5781, 57817, 58, 58498, 5879, 5894, 59341, 59350, 5950, 5972, 5973, 6016, 602, 624, 6261, 6262, 6300, 6324, 6331, 6337, 6338, 6339, 6340, 6347, 6387, 6389, 6392, 64116, 6422, 64223, 64231, 6443, 6444, 6462, 64651, 64798, 64805, 65055, 6523, 6524, 6530, 6548, 6557, 6558, 6584, 6647, 6648, 6649, 6654, 6659, 6714, 673, 6774, 6833, 687, 6901, 6902, 6915, 6934, 70, 7066, 7067, 7083, 7097, 7112, 7124, 7132, 7134, 7137, 7139, 7157, 7168, 727, 7273, 7276, 7350, 7386, 7414, 7422, 7434, 7450, 7498, 7533, 760, 763, 7709, 773, 774, 775, 776, 777, 7781, 781, 7840, 79068, 79071, 79188, 7941, 79804, 80224, 8048, 8073, 81563, 81608, 8204, 8313, 84148, 84335, 8449, 845, 84649, 84665, 84676, 847, 84910, 85366, 8557, 859, 861, 8654, 873, 8767, 88, 8804, 8854, 8862, 8882, 8972, 90226, 9031, 91624, 9265, 92949, 93649, 9370, 9415, 9464, 947, 9475, 948, 9499, 9518, 9531, 9620, 994, 9997]","[134864, 147, 1565, 6530, 6531, 6571]",1.1666666666666667,-1.963316931,0.013,0.5459999999999999
Heart failure,Lisdexamfetamine,"['Heart failure', 'Lisdexamfetamine']","[100126336, 100528019, 10060, 10087, 10102, 10112, 10345, 10516, 10529, 1071, 10848, 10891, 11034, 111, 11152, 11155, 11186, 112616, 1129, 113791, 1149, 115399, 116, 1161, 119, 1215, 122622, 1282, 1291, 1295, 134, 135, 136, 1375, 137735, 1395, 140, 1401, 1410, 142, 1431, 1432, 1437, 1440, 1441, 145781, 146, 1482, 148738, 1490, 1499, 150094, 152, 1520, 153, 1536, 154, 155, 1559, 156, 161725, 1621, 1636, 1674, 1675, 1756, 1774, 1813, 182, 1824, 1829, 183, 1832, 1837, 185, 187, 1901, 1906, 1909, 1910, 1952, 1956, 2004, 200539, 2010, 2053, 2056, 207, 213, 2147, 2168, 217, 2194, 2218, 2243, 2244, 2273, 22852, 23129, 2318, 23387, 23411, 23493, 240, 241, 246, 2475, 25, 2539, 2548, 255738, 25805, 25959, 26037, 2628, 2641, 2646, 26471, 2660, 27035, 27063, 27129, 2717, 27295, 27329, 282996, 284439, 2876, 2879, 2920, 2921, 2932, 29781, 2982, 2983, 29841, 3000, 3039, 3040, 3067, 3082, 3084, 3091, 31, 3156, 3162, 325, 3265, 3315, 3316, 3329, 3336, 335, 3356, 3357, 3360, 338442, 341, 3418, 3458, 347273, 35, 351, 353189, 355, 3552, 3553, 356, 3565, 3569, 3576, 359, 361, 3630, 367, 3674, 3688, 3690, 3705, 3728, 3753, 3757, 3791, 3845, 387119, 3910, 3920, 3932, 3939, 3990, 3992, 4000, 4023, 406884, 406885, 406886, 406887, 406891, 406903, 406910, 406913, 406919, 406921, 406937, 406940, 406951, 406978, 406985, 406994, 407010, 407011, 407014, 407018, 407029, 407034, 407036, 407050, 407053, 407054, 407056, 41, 4137, 4217, 4233, 4285, 4306, 4311, 432, 4353, 442890, 442891, 442917, 442918, 4512, 4607, 4609, 4624, 4625, 463, 4633, 4634, 4635, 467, 47, 4719, 472, 4720, 4729, 476, 477, 478, 4780, 481, 482, 483, 4830, 4843, 4846, 487, 4878, 4879, 488, 4881, 4882, 4883, 4886, 4893, 490, 494337, 495, 4973, 4987, 5037, 50507, 5054, 5105, 51079, 513, 5139, 51422, 51426, 5156, 51571, 5164, 5170, 51738, 51778, 5294, 5318, 5319, 5327, 5335, 5349, 5350, 5428, 54344, 5443, 54437, 5444, 5465, 5467, 5468, 54968, 5502, 55040, 551, 552, 55210, 554, 55534, 55596, 5563, 55679, 55759, 5577, 5581, 5594, 5595, 5600, 5604, 5605, 5609, 5617, 5624, 5663, 5664, 56672, 56729, 56899, 57057, 57158, 5734, 57381, 574034, 5741, 5742, 5743, 57521, 5753, 57538, 57699, 57724, 5774, 57794, 57798, 5781, 57817, 58, 58498, 5879, 5894, 59341, 59350, 5950, 5972, 5973, 6016, 602, 624, 6261, 6262, 6300, 6324, 6331, 6337, 6338, 6339, 6340, 6347, 6387, 6389, 6392, 64116, 6422, 64223, 64231, 6443, 6444, 6462, 64651, 64798, 64805, 65055, 6523, 6524, 6530, 6548, 6557, 6558, 6584, 6647, 6648, 6649, 6654, 6659, 6714, 673, 6774, 6833, 687, 6901, 6902, 6915, 6934, 70, 7066, 7067, 7083, 7097, 7112, 7124, 7132, 7134, 7137, 7139, 7157, 7168, 727, 7273, 7276, 7350, 7386, 7414, 7422, 7434, 7450, 7498, 7533, 760, 763, 7709, 773, 774, 775, 776, 777, 7781, 781, 7840, 79068, 79071, 79188, 7941, 79804, 80224, 8048, 8073, 81563, 81608, 8204, 8313, 84148, 84335, 8449, 845, 84649, 84665, 84676, 847, 84910, 85366, 8557, 859, 861, 8654, 873, 8767, 88, 8804, 8854, 8862, 8882, 8972, 90226, 9031, 91624, 9265, 92949, 93649, 9370, 9415, 9464, 947, 9475, 948, 9499, 9518, 9531, 9620, 994, 9997]","[134864, 1565, 6564]",1.3333333333333333,-0.578692341,0.106,1.0
Heart failure,Atomoxetine,"['Heart failure', 'Nonstimulants(atomoxetine)']","[100126336, 100528019, 10060, 10087, 10102, 10112, 10345, 10516, 10529, 1071, 10848, 10891, 11034, 111, 11152, 11155, 11186, 112616, 1129, 113791, 1149, 115399, 116, 1161, 119, 1215, 122622, 1282, 1291, 1295, 134, 135, 136, 1375, 137735, 1395, 140, 1401, 1410, 142, 1431, 1432, 1437, 1440, 1441, 145781, 146, 1482, 148738, 1490, 1499, 150094, 152, 1520, 153, 1536, 154, 155, 1559, 156, 161725, 1621, 1636, 1674, 1675, 1756, 1774, 1813, 182, 1824, 1829, 183, 1832, 1837, 185, 187, 1901, 1906, 1909, 1910, 1952, 1956, 2004, 200539, 2010, 2053, 2056, 207, 213, 2147, 2168, 217, 2194, 2218, 2243, 2244, 2273, 22852, 23129, 2318, 23387, 23411, 23493, 240, 241, 246, 2475, 25, 2539, 2548, 255738, 25805, 25959, 26037, 2628, 2641, 2646, 26471, 2660, 27035, 27063, 27129, 2717, 27295, 27329, 282996, 284439, 2876, 2879, 2920, 2921, 2932, 29781, 2982, 2983, 29841, 3000, 3039, 3040, 3067, 3082, 3084, 3091, 31, 3156, 3162, 325, 3265, 3315, 3316, 3329, 3336, 335, 3356, 3357, 3360, 338442, 341, 3418, 3458, 347273, 35, 351, 353189, 355, 3552, 3553, 356, 3565, 3569, 3576, 359, 361, 3630, 367, 3674, 3688, 3690, 3705, 3728, 3753, 3757, 3791, 3845, 387119, 3910, 3920, 3932, 3939, 3990, 3992, 4000, 4023, 406884, 406885, 406886, 406887, 406891, 406903, 406910, 406913, 406919, 406921, 406937, 406940, 406951, 406978, 406985, 406994, 407010, 407011, 407014, 407018, 407029, 407034, 407036, 407050, 407053, 407054, 407056, 41, 4137, 4217, 4233, 4285, 4306, 4311, 432, 4353, 442890, 442891, 442917, 442918, 4512, 4607, 4609, 4624, 4625, 463, 4633, 4634, 4635, 467, 47, 4719, 472, 4720, 4729, 476, 477, 478, 4780, 481, 482, 483, 4830, 4843, 4846, 487, 4878, 4879, 488, 4881, 4882, 4883, 4886, 4893, 490, 494337, 495, 4973, 4987, 5037, 50507, 5054, 5105, 51079, 513, 5139, 51422, 51426, 5156, 51571, 5164, 5170, 51738, 51778, 5294, 5318, 5319, 5327, 5335, 5349, 5350, 5428, 54344, 5443, 54437, 5444, 5465, 5467, 5468, 54968, 5502, 55040, 551, 552, 55210, 554, 55534, 55596, 5563, 55679, 55759, 5577, 5581, 5594, 5595, 5600, 5604, 5605, 5609, 5617, 5624, 5663, 5664, 56672, 56729, 56899, 57057, 57158, 5734, 57381, 574034, 5741, 5742, 5743, 57521, 5753, 57538, 57699, 57724, 5774, 57794, 57798, 5781, 57817, 58, 58498, 5879, 5894, 59341, 59350, 5950, 5972, 5973, 6016, 602, 624, 6261, 6262, 6300, 6324, 6331, 6337, 6338, 6339, 6340, 6347, 6387, 6389, 6392, 64116, 6422, 64223, 64231, 6443, 6444, 6462, 64651, 64798, 64805, 65055, 6523, 6524, 6530, 6548, 6557, 6558, 6584, 6647, 6648, 6649, 6654, 6659, 6714, 673, 6774, 6833, 687, 6901, 6902, 6915, 6934, 70, 7066, 7067, 7083, 7097, 7112, 7124, 7132, 7134, 7137, 7139, 7157, 7168, 727, 7273, 7276, 7350, 7386, 7414, 7422, 7434, 7450, 7498, 7533, 760, 763, 7709, 773, 774, 775, 776, 777, 7781, 781, 7840, 79068, 79071, 79188, 7941, 79804, 80224, 8048, 8073, 81563, 81608, 8204, 8313, 84148, 84335, 8449, 845, 84649, 84665, 84676, 847, 84910, 85366, 8557, 859, 861, 8654, 873, 8767, 88, 8804, 8854, 8862, 8882, 8972, 90226, 9031, 91624, 9265, 92949, 93649, 9370, 9415, 9464, 947, 9475, 948, 9499, 9518, 9531, 9620, 994, 9997]","[1557, 1565, 213, 2209, 3760, 4986, 6530, 6532]",0.875,-3.483056107,0.0,0.0
Heart failure,Guanfacine,"['Heart failure', 'Guanfacine']","[100126336, 100528019, 10060, 10087, 10102, 10112, 10345, 10516, 10529, 1071, 10848, 10891, 11034, 111, 11152, 11155, 11186, 112616, 1129, 113791, 1149, 115399, 116, 1161, 119, 1215, 122622, 1282, 1291, 1295, 134, 135, 136, 1375, 137735, 1395, 140, 1401, 1410, 142, 1431, 1432, 1437, 1440, 1441, 145781, 146, 1482, 148738, 1490, 1499, 150094, 152, 1520, 153, 1536, 154, 155, 1559, 156, 161725, 1621, 1636, 1674, 1675, 1756, 1774, 1813, 182, 1824, 1829, 183, 1832, 1837, 185, 187, 1901, 1906, 1909, 1910, 1952, 1956, 2004, 200539, 2010, 2053, 2056, 207, 213, 2147, 2168, 217, 2194, 2218, 2243, 2244, 2273, 22852, 23129, 2318, 23387, 23411, 23493, 240, 241, 246, 2475, 25, 2539, 2548, 255738, 25805, 25959, 26037, 2628, 2641, 2646, 26471, 2660, 27035, 27063, 27129, 2717, 27295, 27329, 282996, 284439, 2876, 2879, 2920, 2921, 2932, 29781, 2982, 2983, 29841, 3000, 3039, 3040, 3067, 3082, 3084, 3091, 31, 3156, 3162, 325, 3265, 3315, 3316, 3329, 3336, 335, 3356, 3357, 3360, 338442, 341, 3418, 3458, 347273, 35, 351, 353189, 355, 3552, 3553, 356, 3565, 3569, 3576, 359, 361, 3630, 367, 3674, 3688, 3690, 3705, 3728, 3753, 3757, 3791, 3845, 387119, 3910, 3920, 3932, 3939, 3990, 3992, 4000, 4023, 406884, 406885, 406886, 406887, 406891, 406903, 406910, 406913, 406919, 406921, 406937, 406940, 406951, 406978, 406985, 406994, 407010, 407011, 407014, 407018, 407029, 407034, 407036, 407050, 407053, 407054, 407056, 41, 4137, 4217, 4233, 4285, 4306, 4311, 432, 4353, 442890, 442891, 442917, 442918, 4512, 4607, 4609, 4624, 4625, 463, 4633, 4634, 4635, 467, 47, 4719, 472, 4720, 4729, 476, 477, 478, 4780, 481, 482, 483, 4830, 4843, 4846, 487, 4878, 4879, 488, 4881, 4882, 4883, 4886, 4893, 490, 494337, 495, 4973, 4987, 5037, 50507, 5054, 5105, 51079, 513, 5139, 51422, 51426, 5156, 51571, 5164, 5170, 51738, 51778, 5294, 5318, 5319, 5327, 5335, 5349, 5350, 5428, 54344, 5443, 54437, 5444, 5465, 5467, 5468, 54968, 5502, 55040, 551, 552, 55210, 554, 55534, 55596, 5563, 55679, 55759, 5577, 5581, 5594, 5595, 5600, 5604, 5605, 5609, 5617, 5624, 5663, 5664, 56672, 56729, 56899, 57057, 57158, 5734, 57381, 574034, 5741, 5742, 5743, 57521, 5753, 57538, 57699, 57724, 5774, 57794, 57798, 5781, 57817, 58, 58498, 5879, 5894, 59341, 59350, 5950, 5972, 5973, 6016, 602, 624, 6261, 6262, 6300, 6324, 6331, 6337, 6338, 6339, 6340, 6347, 6387, 6389, 6392, 64116, 6422, 64223, 64231, 6443, 6444, 6462, 64651, 64798, 64805, 65055, 6523, 6524, 6530, 6548, 6557, 6558, 6584, 6647, 6648, 6649, 6654, 6659, 6714, 673, 6774, 6833, 687, 6901, 6902, 6915, 6934, 70, 7066, 7067, 7083, 7097, 7112, 7124, 7132, 7134, 7137, 7139, 7157, 7168, 727, 7273, 7276, 7350, 7386, 7414, 7422, 7434, 7450, 7498, 7533, 760, 763, 7709, 773, 774, 775, 776, 777, 7781, 781, 7840, 79068, 79071, 79188, 7941, 79804, 80224, 8048, 8073, 81563, 81608, 8204, 8313, 84148, 84335, 8449, 845, 84649, 84665, 84676, 847, 84910, 85366, 8557, 859, 861, 8654, 873, 8767, 88, 8804, 8854, 8862, 8882, 8972, 90226, 9031, 91624, 9265, 92949, 93649, 9370, 9415, 9464, 947, 9475, 948, 9499, 9518, 9531, 9620, 994, 9997]","[150, 151, 152, 1557, 1576, 5443, 55244, 5972, 6580, 6582]",1.2,-1.554346686,0.032,1.0
Hypertension,Methylphenidate,"['Hypertension', 'Methylphenidate']","[10052, 10451, 1071, 10928, 111, 11255, 118, 1187, 1215, 1277, 1281, 1285, 1286, 1395, 1401, 1490, 150, 153, 1535, 1536, 1543, 156, 1577, 1636, 1813, 183, 1847, 185, 186, 1889, 1906, 1908, 1909, 196, 2006, 2056, 210, 213, 2160, 2161, 221357, 23327, 2335, 2353, 246, 2475, 26, 2641, 2643, 2697, 2701, 2702, 27020, 2729, 27347, 2740, 2778, 2784, 2796, 2811, 2876, 2908, 2920, 2932, 2950, 2952, 2953, 2982, 301, 3091, 3162, 3240, 3290, 3291, 335, 3357, 3383, 3479, 348, 348932, 3551, 3553, 3569, 3579, 358, 3630, 3636, 367, 3725, 3758, 3779, 3816, 3827, 3952, 3953, 3972, 4023, 4057, 4158, 4190, 4313, 4318, 4363, 4615, 475, 476, 477, 481, 4843, 4846, 486, 4878, 4879, 4881, 490, 492, 4973, 5020, 50507, 5054, 50632, 51083, 51752, 5327, 5340, 5443, 5465, 5468, 5473, 551, 5580, 5624, 5728, 5740, 5741, 5743, 5770, 59272, 596, 5970, 5972, 5997, 6198, 624, 6337, 6338, 6340, 6347, 6403, 64423, 65125, 6519, 65266, 6530, 653361, 6558, 6559, 6647, 6648, 6649, 6786, 6794, 6869, 7040, 7052, 7054, 7076, 7099, 7124, 7157, 7168, 7200, 7222, 7224, 7349, 7351, 7369, 7412, 7421, 7450, 775, 781, 7827, 796, 847, 84876, 8490, 857, 8639, 875, 8870, 9351, 9370, 9445, 948, 9943]","[1066, 152, 1815, 2353, 3350, 6530, 6531, 6532, 9407, 9456]",1.2,-2.423606222,0.006,0.252
Hypertension,Amphetamine,"['Hypertension', 'Amphetamine']","[10052, 10451, 1071, 10928, 111, 11255, 118, 1187, 1215, 1277, 1281, 1285, 1286, 1395, 1401, 1490, 150, 153, 1535, 1536, 1543, 156, 1577, 1636, 1813, 183, 1847, 185, 186, 1889, 1906, 1908, 1909, 196, 2006, 2056, 210, 213, 2160, 2161, 221357, 23327, 2335, 2353, 246, 2475, 26, 2641, 2643, 2697, 2701, 2702, 27020, 2729, 27347, 2740, 2778, 2784, 2796, 2811, 2876, 2908, 2920, 2932, 2950, 2952, 2953, 2982, 301, 3091, 3162, 3240, 3290, 3291, 335, 3357, 3383, 3479, 348, 348932, 3551, 3553, 3569, 3579, 358, 3630, 3636, 367, 3725, 3758, 3779, 3816, 3827, 3952, 3953, 3972, 4023, 4057, 4158, 4190, 4313, 4318, 4363, 4615, 475, 476, 477, 481, 4843, 4846, 486, 4878, 4879, 4881, 490, 492, 4973, 5020, 50507, 5054, 50632, 51083, 51752, 5327, 5340, 5443, 5465, 5468, 5473, 551, 5580, 5624, 5728, 5740, 5741, 5743, 5770, 59272, 596, 5970, 5972, 5997, 6198, 624, 6337, 6338, 6340, 6347, 6403, 64423, 65125, 6519, 65266, 6530, 653361, 6558, 6559, 6647, 6648, 6649, 6786, 6794, 6869, 7040, 7052, 7054, 7076, 7099, 7124, 7157, 7168, 7200, 7222, 7224, 7349, 7351, 7369, 7412, 7421, 7450, 775, 781, 7827, 796, 847, 84876, 8490, 857, 8639, 875, 8870, 9351, 9370, 9445, 948, 9943]","[116, 134864, 135, 1390, 147, 148, 150, 153, 1548, 1565, 1813, 2247, 2353, 2572, 2697, 2890, 2902, 2915, 3020, 3021, 3363, 3758, 4128, 4129, 468, 4803, 51655, 5173, 5595, 5999, 6530, 6531, 6532, 6571, 6581, 6584, 6622, 6794, 7054, 7098, 84152, 847, 9407, 9607]",1.1590909090909092,-4.612861239,0.0,0.0
Hypertension,Dexamphetamine ,"['Hypertension', 'Dexamphetamine (Dextroamphetamine)']","[10052, 10451, 1071, 10928, 111, 11255, 118, 1187, 1215, 1277, 1281, 1285, 1286, 1395, 1401, 1490, 150, 153, 1535, 1536, 1543, 156, 1577, 1636, 1813, 183, 1847, 185, 186, 1889, 1906, 1908, 1909, 196, 2006, 2056, 210, 213, 2160, 2161, 221357, 23327, 2335, 2353, 246, 2475, 26, 2641, 2643, 2697, 2701, 2702, 27020, 2729, 27347, 2740, 2778, 2784, 2796, 2811, 2876, 2908, 2920, 2932, 2950, 2952, 2953, 2982, 301, 3091, 3162, 3240, 3290, 3291, 335, 3357, 3383, 3479, 348, 348932, 3551, 3553, 3569, 3579, 358, 3630, 3636, 367, 3725, 3758, 3779, 3816, 3827, 3952, 3953, 3972, 4023, 4057, 4158, 4190, 4313, 4318, 4363, 4615, 475, 476, 477, 481, 4843, 4846, 486, 4878, 4879, 4881, 490, 492, 4973, 5020, 50507, 5054, 50632, 51083, 51752, 5327, 5340, 5443, 5465, 5468, 5473, 551, 5580, 5624, 5728, 5740, 5741, 5743, 5770, 59272, 596, 5970, 5972, 5997, 6198, 624, 6337, 6338, 6340, 6347, 6403, 64423, 65125, 6519, 65266, 6530, 653361, 6558, 6559, 6647, 6648, 6649, 6786, 6794, 6869, 7040, 7052, 7054, 7076, 7099, 7124, 7157, 7168, 7200, 7222, 7224, 7349, 7351, 7369, 7412, 7421, 7450, 775, 781, 7827, 796, 847, 84876, 8490, 857, 8639, 875, 8870, 9351, 9370, 9445, 948, 9943]","[134864, 147, 1565, 6530, 6531, 6571]",1.1666666666666667,-3.299243332,0.001,0.042
Hypertension,Lisdexamfetamine,"['Hypertension', 'Lisdexamfetamine']","[10052, 10451, 1071, 10928, 111, 11255, 118, 1187, 1215, 1277, 1281, 1285, 1286, 1395, 1401, 1490, 150, 153, 1535, 1536, 1543, 156, 1577, 1636, 1813, 183, 1847, 185, 186, 1889, 1906, 1908, 1909, 196, 2006, 2056, 210, 213, 2160, 2161, 221357, 23327, 2335, 2353, 246, 2475, 26, 2641, 2643, 2697, 2701, 2702, 27020, 2729, 27347, 2740, 2778, 2784, 2796, 2811, 2876, 2908, 2920, 2932, 2950, 2952, 2953, 2982, 301, 3091, 3162, 3240, 3290, 3291, 335, 3357, 3383, 3479, 348, 348932, 3551, 3553, 3569, 3579, 358, 3630, 3636, 367, 3725, 3758, 3779, 3816, 3827, 3952, 3953, 3972, 4023, 4057, 4158, 4190, 4313, 4318, 4363, 4615, 475, 476, 477, 481, 4843, 4846, 486, 4878, 4879, 4881, 490, 492, 4973, 5020, 50507, 5054, 50632, 51083, 51752, 5327, 5340, 5443, 5465, 5468, 5473, 551, 5580, 5624, 5728, 5740, 5741, 5743, 5770, 59272, 596, 5970, 5972, 5997, 6198, 624, 6337, 6338, 6340, 6347, 6403, 64423, 65125, 6519, 65266, 6530, 653361, 6558, 6559, 6647, 6648, 6649, 6786, 6794, 6869, 7040, 7052, 7054, 7076, 7099, 7124, 7157, 7168, 7200, 7222, 7224, 7349, 7351, 7369, 7412, 7421, 7450, 775, 781, 7827, 796, 847, 84876, 8490, 857, 8639, 875, 8870, 9351, 9370, 9445, 948, 9943]","[134864, 1565, 6564]",2.0,1.3705199252584377,0.793,1.0
Hypertension,Atomoxetine,"['Hypertension', 'Nonstimulants(atomoxetine)']","[10052, 10451, 1071, 10928, 111, 11255, 118, 1187, 1215, 1277, 1281, 1285, 1286, 1395, 1401, 1490, 150, 153, 1535, 1536, 1543, 156, 1577, 1636, 1813, 183, 1847, 185, 186, 1889, 1906, 1908, 1909, 196, 2006, 2056, 210, 213, 2160, 2161, 221357, 23327, 2335, 2353, 246, 2475, 26, 2641, 2643, 2697, 2701, 2702, 27020, 2729, 27347, 2740, 2778, 2784, 2796, 2811, 2876, 2908, 2920, 2932, 2950, 2952, 2953, 2982, 301, 3091, 3162, 3240, 3290, 3291, 335, 3357, 3383, 3479, 348, 348932, 3551, 3553, 3569, 3579, 358, 3630, 3636, 367, 3725, 3758, 3779, 3816, 3827, 3952, 3953, 3972, 4023, 4057, 4158, 4190, 4313, 4318, 4363, 4615, 475, 476, 477, 481, 4843, 4846, 486, 4878, 4879, 4881, 490, 492, 4973, 5020, 50507, 5054, 50632, 51083, 51752, 5327, 5340, 5443, 5465, 5468, 5473, 551, 5580, 5624, 5728, 5740, 5741, 5743, 5770, 59272, 596, 5970, 5972, 5997, 6198, 624, 6337, 6338, 6340, 6347, 6403, 64423, 65125, 6519, 65266, 6530, 653361, 6558, 6559, 6647, 6648, 6649, 6786, 6794, 6869, 7040, 7052, 7054, 7076, 7099, 7124, 7157, 7168, 7200, 7222, 7224, 7349, 7351, 7369, 7412, 7421, 7450, 775, 781, 7827, 796, 847, 84876, 8490, 857, 8639, 875, 8870, 9351, 9370, 9445, 948, 9943]","[1557, 1565, 213, 2209, 3760, 4986, 6530, 6532]",1.25,-2.464932221,0.006,0.252
Hypertension,Guanfacine,"['Hypertension', 'Guanfacine']","[10052, 10451, 1071, 10928, 111, 11255, 118, 1187, 1215, 1277, 1281, 1285, 1286, 1395, 1401, 1490, 150, 153, 1535, 1536, 1543, 156, 1577, 1636, 1813, 183, 1847, 185, 186, 1889, 1906, 1908, 1909, 196, 2006, 2056, 210, 213, 2160, 2161, 221357, 23327, 2335, 2353, 246, 2475, 26, 2641, 2643, 2697, 2701, 2702, 27020, 2729, 27347, 2740, 2778, 2784, 2796, 2811, 2876, 2908, 2920, 2932, 2950, 2952, 2953, 2982, 301, 3091, 3162, 3240, 3290, 3291, 335, 3357, 3383, 3479, 348, 348932, 3551, 3553, 3569, 3579, 358, 3630, 3636, 367, 3725, 3758, 3779, 3816, 3827, 3952, 3953, 3972, 4023, 4057, 4158, 4190, 4313, 4318, 4363, 4615, 475, 476, 477, 481, 4843, 4846, 486, 4878, 4879, 4881, 490, 492, 4973, 5020, 50507, 5054, 50632, 51083, 51752, 5327, 5340, 5443, 5465, 5468, 5473, 551, 5580, 5624, 5728, 5740, 5741, 5743, 5770, 59272, 596, 5970, 5972, 5997, 6198, 624, 6337, 6338, 6340, 6347, 6403, 64423, 65125, 6519, 65266, 6530, 653361, 6558, 6559, 6647, 6648, 6649, 6786, 6794, 6869, 7040, 7052, 7054, 7076, 7099, 7124, 7157, 7168, 7200, 7222, 7224, 7349, 7351, 7369, 7412, 7421, 7450, 775, 781, 7827, 796, 847, 84876, 8490, 857, 8639, 875, 8870, 9351, 9370, 9445, 948, 9943]","[150, 151, 152, 1557, 1576, 5443, 55244, 5972, 6580, 6582]",1.4,-1.79417444,0.021,0.882
Ischemic heart disease,Methylphenidate,"['Ischemic heart disease', 'Methylphenidate']","[10, 1000, 100126336, 100133205, 10019, 100507436, 10059, 10060, 10062, 10087, 10111, 10155, 10204, 10221, 1030, 10328, 10384, 10385, 10428, 10452, 10462, 1052, 10531, 10544, 10576, 10611, 10613, 10644, 10665, 1071, 1075, 1080, 10801, 10814, 10840, 10867, 10891, 10906, 10928, 10933, 10959, 10965, 110599563, 11083, 11120, 11173, 11251, 11259, 1129, 113026, 113220, 113263, 11342, 1136, 1143, 114818, 114821, 1152, 1153, 1158, 116519, 117283, 117579, 1180, 120071, 1215, 1269, 1282, 1284, 1302, 1305, 1326, 1329, 134, 135, 136991, 1375, 1379, 1385, 1390, 1398, 140, 1401, 142, 1432, 1441, 144100, 144423, 1445, 145781, 1470, 148738, 1499, 1520, 1524, 153, 153090, 1535, 154, 155, 158219, 1586, 1589, 1593, 162333, 1634, 1636, 1649, 166, 169026, 1737, 177, 1785, 1787, 1803, 1813, 183, 1843, 1848, 185, 1874, 19, 1901, 1906, 1909, 1910, 1952, 1956, 1959, 196, 1991, 20, 2006, 201475, 2029, 203, 2030, 2052, 2053, 2056, 207, 2099, 2100, 2122, 2147, 2149, 2150, 2152, 2153, 2155, 2157, 2158, 2159, 2162, 2168, 217, 2171, 219621, 221458, 221496, 221692, 221895, 2242, 2243, 2244, 2246, 2247, 2249, 226, 2260, 2261, 2272, 2277, 22808, 22834, 22852, 22895, 22919, 22980, 23034, 23037, 23113, 23144, 2321, 23225, 23228, 23274, 23293, 23294, 23316, 23387, 23411, 23428, 23491, 23564, 240, 241, 246, 25, 2529, 253724, 2539, 253943, 2550, 255738, 2560, 25802, 2590, 25902, 259215, 2626, 2628, 2634, 2643, 2646, 2678, 2690, 2697, 26996, 27020, 2710, 27102, 2729, 2730, 27329, 274, 2768, 2784, 28, 283450, 283849, 28984, 29128, 2920, 2932, 2938, 2944, 2946, 2950, 29774, 2982, 2983, 29841, 2992, 29948, 3000, 3030, 3039, 3040, 3082, 30834, 3097, 3098, 3099, 3105, 3111, 3146, 3156, 3158, 3162, 3164, 3172, 3240, 325, 3269, 3291, 3303, 3304, 3306, 3309, 3313, 334, 3340, 335, 3350, 3356, 3357, 337, 338, 3383, 338442, 3397, 3399, 341, 3440, 345, 3458, 3459, 3479, 348, 3481, 3486, 3552, 3553, 3557, 356, 3569, 3570, 3572, 3576, 3586, 3609, 3627, 3654, 3659, 3663, 3667, 367, 3672, 3674, 368, 3690, 3699, 3705, 3710, 3712, 3717, 3726, 374, 3741, 375056, 375612, 3757, 3764, 3767, 3784, 3791, 3816, 388165, 389, 389376, 3909, 3931, 3932, 3939, 3949, 3957, 3958, 3973, 3988, 3990, 3992, 4000, 401505, 401563, 4018, 4023, 4048, 4049, 4053, 406, 406884, 406887, 406891, 406903, 406910, 406912, 406913, 406919, 406921, 406933, 406937, 406941, 406946, 406966, 406978, 406982, 407010, 407014, 407029, 407054, 4088, 421, 4223, 4233, 4254, 4295, 4306, 4311, 4312, 4313, 4314, 4318, 432, 4329, 4352, 4363, 440278, 442890, 4478, 4524, 4599, 4609, 462, 4625, 463, 4633, 4660, 4691, 47, 472, 4734, 476, 477, 478, 4792, 481, 482, 483, 4843, 4846, 4853, 4864, 4878, 4879, 4881, 4886, 490, 4931, 494337, 495, 4973, 4985, 5034, 5037, 50487, 5054, 5069, 51062, 51129, 51330, 51332, 51384, 5139, 5142, 51426, 51530, 5160, 51621, 5166, 5175, 51809, 5209, 5213, 5236, 5294, 5319, 5320, 5327, 5328, 53345, 5335, 5340, 5350, 5371, 5443, 54437, 5444, 5465, 5468, 5471, 54738, 54805, 54901, 54920, 54946, 5495, 54984, 54986, 55083, 551, 5515, 552, 55219, 5534, 55351, 55534, 55596, 55604, 55703, 55714, 55757, 55759, 5580, 5581, 55819, 55973, 5624, 5657, 5685, 5687, 5692, 5693, 56947, 56996, 57222, 5729, 5732, 57338, 5737, 5739, 5742, 5743, 574447, 5753, 57537, 57608, 57731, 57794, 578, 5786, 5799, 581, 5819, 5834, 5868, 59, 595, 596, 5972, 598, 60, 6002, 602, 60674, 6139, 6252, 6258, 6262, 6272, 6285, 629, 6300, 6305, 6311, 6328, 6331, 6347, 6348, 6351, 6376, 6387, 63892, 63935, 63940, 6401, 6402, 6403, 6404, 64087, 64116, 641372, 64174, 64180, 64240, 64241, 64288, 64582, 64805, 64968, 6499, 6523, 6524, 65264, 65268, 6533, 6546, 6548, 6550, 6568, 6580, 6581, 6597, 6647, 6648, 6678, 6713, 6714, 6774, 6776, 6789, 6817, 686, 6874, 6890, 6915, 6916, 6927, 6934, 6935, 6943, 7015, 7031, 7037, 7040, 7056, 7066, 7077, 7083, 7091, 7099, 7103, 7112, 7124, 713, 7137, 7139, 7158, 7161, 7189, 7204, 727, 7274, 7292, 7295, 7296, 7357, 7386, 7412, 7416, 7422, 7442, 7466, 7538, 7718, 775, 7781, 7804, 781, 783, 7846, 7879, 79001, 79068, 79109, 7941, 79583, 79777, 79924, 79987, 80018, 80212, 80271, 80310, 80350, 80724, 80862, 811, 81552, 81624, 817, 81876, 8204, 821, 8216, 8313, 8315, 836, 83696, 83892, 83939, 83992, 84166, 8418, 84300, 84319, 84439, 84530, 84532, 84649, 847, 84722, 84830, 84978, 8525, 85479, 8553, 8613, 8654, 8678, 8701, 8767, 8773, 8854, 8882, 8912, 894, 8943, 8972, 9021, 9031, 9091, 91543, 91851, 9230, 92689, 9314, 9365, 9370, 9415, 9451, 948, 949, 9518, 952, 9588, 959, 9612, 9637, 9745, 9829, 9856, 9871, 9971]","[1066, 152, 1815, 2353, 3350, 6530, 6531, 6532, 9407, 9456]",1.0,-1.580319924,0.02,0.84
Ischemic heart disease,Amphetamine,"['Ischemic heart disease', 'Amphetamine']","[10, 1000, 100126336, 100133205, 10019, 100507436, 10059, 10060, 10062, 10087, 10111, 10155, 10204, 10221, 1030, 10328, 10384, 10385, 10428, 10452, 10462, 1052, 10531, 10544, 10576, 10611, 10613, 10644, 10665, 1071, 1075, 1080, 10801, 10814, 10840, 10867, 10891, 10906, 10928, 10933, 10959, 10965, 110599563, 11083, 11120, 11173, 11251, 11259, 1129, 113026, 113220, 113263, 11342, 1136, 1143, 114818, 114821, 1152, 1153, 1158, 116519, 117283, 117579, 1180, 120071, 1215, 1269, 1282, 1284, 1302, 1305, 1326, 1329, 134, 135, 136991, 1375, 1379, 1385, 1390, 1398, 140, 1401, 142, 1432, 1441, 144100, 144423, 1445, 145781, 1470, 148738, 1499, 1520, 1524, 153, 153090, 1535, 154, 155, 158219, 1586, 1589, 1593, 162333, 1634, 1636, 1649, 166, 169026, 1737, 177, 1785, 1787, 1803, 1813, 183, 1843, 1848, 185, 1874, 19, 1901, 1906, 1909, 1910, 1952, 1956, 1959, 196, 1991, 20, 2006, 201475, 2029, 203, 2030, 2052, 2053, 2056, 207, 2099, 2100, 2122, 2147, 2149, 2150, 2152, 2153, 2155, 2157, 2158, 2159, 2162, 2168, 217, 2171, 219621, 221458, 221496, 221692, 221895, 2242, 2243, 2244, 2246, 2247, 2249, 226, 2260, 2261, 2272, 2277, 22808, 22834, 22852, 22895, 22919, 22980, 23034, 23037, 23113, 23144, 2321, 23225, 23228, 23274, 23293, 23294, 23316, 23387, 23411, 23428, 23491, 23564, 240, 241, 246, 25, 2529, 253724, 2539, 253943, 2550, 255738, 2560, 25802, 2590, 25902, 259215, 2626, 2628, 2634, 2643, 2646, 2678, 2690, 2697, 26996, 27020, 2710, 27102, 2729, 2730, 27329, 274, 2768, 2784, 28, 283450, 283849, 28984, 29128, 2920, 2932, 2938, 2944, 2946, 2950, 29774, 2982, 2983, 29841, 2992, 29948, 3000, 3030, 3039, 3040, 3082, 30834, 3097, 3098, 3099, 3105, 3111, 3146, 3156, 3158, 3162, 3164, 3172, 3240, 325, 3269, 3291, 3303, 3304, 3306, 3309, 3313, 334, 3340, 335, 3350, 3356, 3357, 337, 338, 3383, 338442, 3397, 3399, 341, 3440, 345, 3458, 3459, 3479, 348, 3481, 3486, 3552, 3553, 3557, 356, 3569, 3570, 3572, 3576, 3586, 3609, 3627, 3654, 3659, 3663, 3667, 367, 3672, 3674, 368, 3690, 3699, 3705, 3710, 3712, 3717, 3726, 374, 3741, 375056, 375612, 3757, 3764, 3767, 3784, 3791, 3816, 388165, 389, 389376, 3909, 3931, 3932, 3939, 3949, 3957, 3958, 3973, 3988, 3990, 3992, 4000, 401505, 401563, 4018, 4023, 4048, 4049, 4053, 406, 406884, 406887, 406891, 406903, 406910, 406912, 406913, 406919, 406921, 406933, 406937, 406941, 406946, 406966, 406978, 406982, 407010, 407014, 407029, 407054, 4088, 421, 4223, 4233, 4254, 4295, 4306, 4311, 4312, 4313, 4314, 4318, 432, 4329, 4352, 4363, 440278, 442890, 4478, 4524, 4599, 4609, 462, 4625, 463, 4633, 4660, 4691, 47, 472, 4734, 476, 477, 478, 4792, 481, 482, 483, 4843, 4846, 4853, 4864, 4878, 4879, 4881, 4886, 490, 4931, 494337, 495, 4973, 4985, 5034, 5037, 50487, 5054, 5069, 51062, 51129, 51330, 51332, 51384, 5139, 5142, 51426, 51530, 5160, 51621, 5166, 5175, 51809, 5209, 5213, 5236, 5294, 5319, 5320, 5327, 5328, 53345, 5335, 5340, 5350, 5371, 5443, 54437, 5444, 5465, 5468, 5471, 54738, 54805, 54901, 54920, 54946, 5495, 54984, 54986, 55083, 551, 5515, 552, 55219, 5534, 55351, 55534, 55596, 55604, 55703, 55714, 55757, 55759, 5580, 5581, 55819, 55973, 5624, 5657, 5685, 5687, 5692, 5693, 56947, 56996, 57222, 5729, 5732, 57338, 5737, 5739, 5742, 5743, 574447, 5753, 57537, 57608, 57731, 57794, 578, 5786, 5799, 581, 5819, 5834, 5868, 59, 595, 596, 5972, 598, 60, 6002, 602, 60674, 6139, 6252, 6258, 6262, 6272, 6285, 629, 6300, 6305, 6311, 6328, 6331, 6347, 6348, 6351, 6376, 6387, 63892, 63935, 63940, 6401, 6402, 6403, 6404, 64087, 64116, 641372, 64174, 64180, 64240, 64241, 64288, 64582, 64805, 64968, 6499, 6523, 6524, 65264, 65268, 6533, 6546, 6548, 6550, 6568, 6580, 6581, 6597, 6647, 6648, 6678, 6713, 6714, 6774, 6776, 6789, 6817, 686, 6874, 6890, 6915, 6916, 6927, 6934, 6935, 6943, 7015, 7031, 7037, 7040, 7056, 7066, 7077, 7083, 7091, 7099, 7103, 7112, 7124, 713, 7137, 7139, 7158, 7161, 7189, 7204, 727, 7274, 7292, 7295, 7296, 7357, 7386, 7412, 7416, 7422, 7442, 7466, 7538, 7718, 775, 7781, 7804, 781, 783, 7846, 7879, 79001, 79068, 79109, 7941, 79583, 79777, 79924, 79987, 80018, 80212, 80271, 80310, 80350, 80724, 80862, 811, 81552, 81624, 817, 81876, 8204, 821, 8216, 8313, 8315, 836, 83696, 83892, 83939, 83992, 84166, 8418, 84300, 84319, 84439, 84530, 84532, 84649, 847, 84722, 84830, 84978, 8525, 85479, 8553, 8613, 8654, 8678, 8701, 8767, 8773, 8854, 8882, 8912, 894, 8943, 8972, 9021, 9031, 9091, 91543, 91851, 9230, 92689, 9314, 9365, 9370, 9415, 9451, 948, 949, 9518, 952, 9588, 959, 9612, 9637, 9745, 9829, 9856, 9871, 9971]","[116, 134864, 135, 1390, 147, 148, 150, 153, 1548, 1565, 1813, 2247, 2353, 2572, 2697, 2890, 2902, 2915, 3020, 3021, 3363, 3758, 4128, 4129, 468, 4803, 51655, 5173, 5595, 5999, 6530, 6531, 6532, 6571, 6581, 6584, 6622, 6794, 7054, 7098, 84152, 847, 9407, 9607]",1.0454545454545454,-2.511256712,0.005,0.21
Ischemic heart disease,Dexamphetamine ,"['Ischemic heart disease', 'Dexamphetamine (Dextroamphetamine)']","[10, 1000, 100126336, 100133205, 10019, 100507436, 10059, 10060, 10062, 10087, 10111, 10155, 10204, 10221, 1030, 10328, 10384, 10385, 10428, 10452, 10462, 1052, 10531, 10544, 10576, 10611, 10613, 10644, 10665, 1071, 1075, 1080, 10801, 10814, 10840, 10867, 10891, 10906, 10928, 10933, 10959, 10965, 110599563, 11083, 11120, 11173, 11251, 11259, 1129, 113026, 113220, 113263, 11342, 1136, 1143, 114818, 114821, 1152, 1153, 1158, 116519, 117283, 117579, 1180, 120071, 1215, 1269, 1282, 1284, 1302, 1305, 1326, 1329, 134, 135, 136991, 1375, 1379, 1385, 1390, 1398, 140, 1401, 142, 1432, 1441, 144100, 144423, 1445, 145781, 1470, 148738, 1499, 1520, 1524, 153, 153090, 1535, 154, 155, 158219, 1586, 1589, 1593, 162333, 1634, 1636, 1649, 166, 169026, 1737, 177, 1785, 1787, 1803, 1813, 183, 1843, 1848, 185, 1874, 19, 1901, 1906, 1909, 1910, 1952, 1956, 1959, 196, 1991, 20, 2006, 201475, 2029, 203, 2030, 2052, 2053, 2056, 207, 2099, 2100, 2122, 2147, 2149, 2150, 2152, 2153, 2155, 2157, 2158, 2159, 2162, 2168, 217, 2171, 219621, 221458, 221496, 221692, 221895, 2242, 2243, 2244, 2246, 2247, 2249, 226, 2260, 2261, 2272, 2277, 22808, 22834, 22852, 22895, 22919, 22980, 23034, 23037, 23113, 23144, 2321, 23225, 23228, 23274, 23293, 23294, 23316, 23387, 23411, 23428, 23491, 23564, 240, 241, 246, 25, 2529, 253724, 2539, 253943, 2550, 255738, 2560, 25802, 2590, 25902, 259215, 2626, 2628, 2634, 2643, 2646, 2678, 2690, 2697, 26996, 27020, 2710, 27102, 2729, 2730, 27329, 274, 2768, 2784, 28, 283450, 283849, 28984, 29128, 2920, 2932, 2938, 2944, 2946, 2950, 29774, 2982, 2983, 29841, 2992, 29948, 3000, 3030, 3039, 3040, 3082, 30834, 3097, 3098, 3099, 3105, 3111, 3146, 3156, 3158, 3162, 3164, 3172, 3240, 325, 3269, 3291, 3303, 3304, 3306, 3309, 3313, 334, 3340, 335, 3350, 3356, 3357, 337, 338, 3383, 338442, 3397, 3399, 341, 3440, 345, 3458, 3459, 3479, 348, 3481, 3486, 3552, 3553, 3557, 356, 3569, 3570, 3572, 3576, 3586, 3609, 3627, 3654, 3659, 3663, 3667, 367, 3672, 3674, 368, 3690, 3699, 3705, 3710, 3712, 3717, 3726, 374, 3741, 375056, 375612, 3757, 3764, 3767, 3784, 3791, 3816, 388165, 389, 389376, 3909, 3931, 3932, 3939, 3949, 3957, 3958, 3973, 3988, 3990, 3992, 4000, 401505, 401563, 4018, 4023, 4048, 4049, 4053, 406, 406884, 406887, 406891, 406903, 406910, 406912, 406913, 406919, 406921, 406933, 406937, 406941, 406946, 406966, 406978, 406982, 407010, 407014, 407029, 407054, 4088, 421, 4223, 4233, 4254, 4295, 4306, 4311, 4312, 4313, 4314, 4318, 432, 4329, 4352, 4363, 440278, 442890, 4478, 4524, 4599, 4609, 462, 4625, 463, 4633, 4660, 4691, 47, 472, 4734, 476, 477, 478, 4792, 481, 482, 483, 4843, 4846, 4853, 4864, 4878, 4879, 4881, 4886, 490, 4931, 494337, 495, 4973, 4985, 5034, 5037, 50487, 5054, 5069, 51062, 51129, 51330, 51332, 51384, 5139, 5142, 51426, 51530, 5160, 51621, 5166, 5175, 51809, 5209, 5213, 5236, 5294, 5319, 5320, 5327, 5328, 53345, 5335, 5340, 5350, 5371, 5443, 54437, 5444, 5465, 5468, 5471, 54738, 54805, 54901, 54920, 54946, 5495, 54984, 54986, 55083, 551, 5515, 552, 55219, 5534, 55351, 55534, 55596, 55604, 55703, 55714, 55757, 55759, 5580, 5581, 55819, 55973, 5624, 5657, 5685, 5687, 5692, 5693, 56947, 56996, 57222, 5729, 5732, 57338, 5737, 5739, 5742, 5743, 574447, 5753, 57537, 57608, 57731, 57794, 578, 5786, 5799, 581, 5819, 5834, 5868, 59, 595, 596, 5972, 598, 60, 6002, 602, 60674, 6139, 6252, 6258, 6262, 6272, 6285, 629, 6300, 6305, 6311, 6328, 6331, 6347, 6348, 6351, 6376, 6387, 63892, 63935, 63940, 6401, 6402, 6403, 6404, 64087, 64116, 641372, 64174, 64180, 64240, 64241, 64288, 64582, 64805, 64968, 6499, 6523, 6524, 65264, 65268, 6533, 6546, 6548, 6550, 6568, 6580, 6581, 6597, 6647, 6648, 6678, 6713, 6714, 6774, 6776, 6789, 6817, 686, 6874, 6890, 6915, 6916, 6927, 6934, 6935, 6943, 7015, 7031, 7037, 7040, 7056, 7066, 7077, 7083, 7091, 7099, 7103, 7112, 7124, 713, 7137, 7139, 7158, 7161, 7189, 7204, 727, 7274, 7292, 7295, 7296, 7357, 7386, 7412, 7416, 7422, 7442, 7466, 7538, 7718, 775, 7781, 7804, 781, 783, 7846, 7879, 79001, 79068, 79109, 7941, 79583, 79777, 79924, 79987, 80018, 80212, 80271, 80310, 80350, 80724, 80862, 811, 81552, 81624, 817, 81876, 8204, 821, 8216, 8313, 8315, 836, 83696, 83892, 83939, 83992, 84166, 8418, 84300, 84319, 84439, 84530, 84532, 84649, 847, 84722, 84830, 84978, 8525, 85479, 8553, 8613, 8654, 8678, 8701, 8767, 8773, 8854, 8882, 8912, 894, 8943, 8972, 9021, 9031, 9091, 91543, 91851, 9230, 92689, 9314, 9365, 9370, 9415, 9451, 948, 949, 9518, 952, 9588, 959, 9612, 9637, 9745, 9829, 9856, 9871, 9971]","[134864, 147, 1565, 6530, 6531, 6571]",1.5,0.1720412393902418,0.393,1.0
Ischemic heart disease,Lisdexamfetamine,"['Ischemic heart disease', 'Lisdexamfetamine']","[10, 1000, 100126336, 100133205, 10019, 100507436, 10059, 10060, 10062, 10087, 10111, 10155, 10204, 10221, 1030, 10328, 10384, 10385, 10428, 10452, 10462, 1052, 10531, 10544, 10576, 10611, 10613, 10644, 10665, 1071, 1075, 1080, 10801, 10814, 10840, 10867, 10891, 10906, 10928, 10933, 10959, 10965, 110599563, 11083, 11120, 11173, 11251, 11259, 1129, 113026, 113220, 113263, 11342, 1136, 1143, 114818, 114821, 1152, 1153, 1158, 116519, 117283, 117579, 1180, 120071, 1215, 1269, 1282, 1284, 1302, 1305, 1326, 1329, 134, 135, 136991, 1375, 1379, 1385, 1390, 1398, 140, 1401, 142, 1432, 1441, 144100, 144423, 1445, 145781, 1470, 148738, 1499, 1520, 1524, 153, 153090, 1535, 154, 155, 158219, 1586, 1589, 1593, 162333, 1634, 1636, 1649, 166, 169026, 1737, 177, 1785, 1787, 1803, 1813, 183, 1843, 1848, 185, 1874, 19, 1901, 1906, 1909, 1910, 1952, 1956, 1959, 196, 1991, 20, 2006, 201475, 2029, 203, 2030, 2052, 2053, 2056, 207, 2099, 2100, 2122, 2147, 2149, 2150, 2152, 2153, 2155, 2157, 2158, 2159, 2162, 2168, 217, 2171, 219621, 221458, 221496, 221692, 221895, 2242, 2243, 2244, 2246, 2247, 2249, 226, 2260, 2261, 2272, 2277, 22808, 22834, 22852, 22895, 22919, 22980, 23034, 23037, 23113, 23144, 2321, 23225, 23228, 23274, 23293, 23294, 23316, 23387, 23411, 23428, 23491, 23564, 240, 241, 246, 25, 2529, 253724, 2539, 253943, 2550, 255738, 2560, 25802, 2590, 25902, 259215, 2626, 2628, 2634, 2643, 2646, 2678, 2690, 2697, 26996, 27020, 2710, 27102, 2729, 2730, 27329, 274, 2768, 2784, 28, 283450, 283849, 28984, 29128, 2920, 2932, 2938, 2944, 2946, 2950, 29774, 2982, 2983, 29841, 2992, 29948, 3000, 3030, 3039, 3040, 3082, 30834, 3097, 3098, 3099, 3105, 3111, 3146, 3156, 3158, 3162, 3164, 3172, 3240, 325, 3269, 3291, 3303, 3304, 3306, 3309, 3313, 334, 3340, 335, 3350, 3356, 3357, 337, 338, 3383, 338442, 3397, 3399, 341, 3440, 345, 3458, 3459, 3479, 348, 3481, 3486, 3552, 3553, 3557, 356, 3569, 3570, 3572, 3576, 3586, 3609, 3627, 3654, 3659, 3663, 3667, 367, 3672, 3674, 368, 3690, 3699, 3705, 3710, 3712, 3717, 3726, 374, 3741, 375056, 375612, 3757, 3764, 3767, 3784, 3791, 3816, 388165, 389, 389376, 3909, 3931, 3932, 3939, 3949, 3957, 3958, 3973, 3988, 3990, 3992, 4000, 401505, 401563, 4018, 4023, 4048, 4049, 4053, 406, 406884, 406887, 406891, 406903, 406910, 406912, 406913, 406919, 406921, 406933, 406937, 406941, 406946, 406966, 406978, 406982, 407010, 407014, 407029, 407054, 4088, 421, 4223, 4233, 4254, 4295, 4306, 4311, 4312, 4313, 4314, 4318, 432, 4329, 4352, 4363, 440278, 442890, 4478, 4524, 4599, 4609, 462, 4625, 463, 4633, 4660, 4691, 47, 472, 4734, 476, 477, 478, 4792, 481, 482, 483, 4843, 4846, 4853, 4864, 4878, 4879, 4881, 4886, 490, 4931, 494337, 495, 4973, 4985, 5034, 5037, 50487, 5054, 5069, 51062, 51129, 51330, 51332, 51384, 5139, 5142, 51426, 51530, 5160, 51621, 5166, 5175, 51809, 5209, 5213, 5236, 5294, 5319, 5320, 5327, 5328, 53345, 5335, 5340, 5350, 5371, 5443, 54437, 5444, 5465, 5468, 5471, 54738, 54805, 54901, 54920, 54946, 5495, 54984, 54986, 55083, 551, 5515, 552, 55219, 5534, 55351, 55534, 55596, 55604, 55703, 55714, 55757, 55759, 5580, 5581, 55819, 55973, 5624, 5657, 5685, 5687, 5692, 5693, 56947, 56996, 57222, 5729, 5732, 57338, 5737, 5739, 5742, 5743, 574447, 5753, 57537, 57608, 57731, 57794, 578, 5786, 5799, 581, 5819, 5834, 5868, 59, 595, 596, 5972, 598, 60, 6002, 602, 60674, 6139, 6252, 6258, 6262, 6272, 6285, 629, 6300, 6305, 6311, 6328, 6331, 6347, 6348, 6351, 6376, 6387, 63892, 63935, 63940, 6401, 6402, 6403, 6404, 64087, 64116, 641372, 64174, 64180, 64240, 64241, 64288, 64582, 64805, 64968, 6499, 6523, 6524, 65264, 65268, 6533, 6546, 6548, 6550, 6568, 6580, 6581, 6597, 6647, 6648, 6678, 6713, 6714, 6774, 6776, 6789, 6817, 686, 6874, 6890, 6915, 6916, 6927, 6934, 6935, 6943, 7015, 7031, 7037, 7040, 7056, 7066, 7077, 7083, 7091, 7099, 7103, 7112, 7124, 713, 7137, 7139, 7158, 7161, 7189, 7204, 727, 7274, 7292, 7295, 7296, 7357, 7386, 7412, 7416, 7422, 7442, 7466, 7538, 7718, 775, 7781, 7804, 781, 783, 7846, 7879, 79001, 79068, 79109, 7941, 79583, 79777, 79924, 79987, 80018, 80212, 80271, 80310, 80350, 80724, 80862, 811, 81552, 81624, 817, 81876, 8204, 821, 8216, 8313, 8315, 836, 83696, 83892, 83939, 83992, 84166, 8418, 84300, 84319, 84439, 84530, 84532, 84649, 847, 84722, 84830, 84978, 8525, 85479, 8553, 8613, 8654, 8678, 8701, 8767, 8773, 8854, 8882, 8912, 894, 8943, 8972, 9021, 9031, 9091, 91543, 91851, 9230, 92689, 9314, 9365, 9370, 9415, 9451, 948, 949, 9518, 952, 9588, 959, 9612, 9637, 9745, 9829, 9856, 9871, 9971]","[134864, 1565, 6564]",2.0,2.1608822631216453,0.99,1.0
Ischemic heart disease,Atomoxetine,"['Ischemic heart disease', 'Nonstimulants(atomoxetine)']","[10, 1000, 100126336, 100133205, 10019, 100507436, 10059, 10060, 10062, 10087, 10111, 10155, 10204, 10221, 1030, 10328, 10384, 10385, 10428, 10452, 10462, 1052, 10531, 10544, 10576, 10611, 10613, 10644, 10665, 1071, 1075, 1080, 10801, 10814, 10840, 10867, 10891, 10906, 10928, 10933, 10959, 10965, 110599563, 11083, 11120, 11173, 11251, 11259, 1129, 113026, 113220, 113263, 11342, 1136, 1143, 114818, 114821, 1152, 1153, 1158, 116519, 117283, 117579, 1180, 120071, 1215, 1269, 1282, 1284, 1302, 1305, 1326, 1329, 134, 135, 136991, 1375, 1379, 1385, 1390, 1398, 140, 1401, 142, 1432, 1441, 144100, 144423, 1445, 145781, 1470, 148738, 1499, 1520, 1524, 153, 153090, 1535, 154, 155, 158219, 1586, 1589, 1593, 162333, 1634, 1636, 1649, 166, 169026, 1737, 177, 1785, 1787, 1803, 1813, 183, 1843, 1848, 185, 1874, 19, 1901, 1906, 1909, 1910, 1952, 1956, 1959, 196, 1991, 20, 2006, 201475, 2029, 203, 2030, 2052, 2053, 2056, 207, 2099, 2100, 2122, 2147, 2149, 2150, 2152, 2153, 2155, 2157, 2158, 2159, 2162, 2168, 217, 2171, 219621, 221458, 221496, 221692, 221895, 2242, 2243, 2244, 2246, 2247, 2249, 226, 2260, 2261, 2272, 2277, 22808, 22834, 22852, 22895, 22919, 22980, 23034, 23037, 23113, 23144, 2321, 23225, 23228, 23274, 23293, 23294, 23316, 23387, 23411, 23428, 23491, 23564, 240, 241, 246, 25, 2529, 253724, 2539, 253943, 2550, 255738, 2560, 25802, 2590, 25902, 259215, 2626, 2628, 2634, 2643, 2646, 2678, 2690, 2697, 26996, 27020, 2710, 27102, 2729, 2730, 27329, 274, 2768, 2784, 28, 283450, 283849, 28984, 29128, 2920, 2932, 2938, 2944, 2946, 2950, 29774, 2982, 2983, 29841, 2992, 29948, 3000, 3030, 3039, 3040, 3082, 30834, 3097, 3098, 3099, 3105, 3111, 3146, 3156, 3158, 3162, 3164, 3172, 3240, 325, 3269, 3291, 3303, 3304, 3306, 3309, 3313, 334, 3340, 335, 3350, 3356, 3357, 337, 338, 3383, 338442, 3397, 3399, 341, 3440, 345, 3458, 3459, 3479, 348, 3481, 3486, 3552, 3553, 3557, 356, 3569, 3570, 3572, 3576, 3586, 3609, 3627, 3654, 3659, 3663, 3667, 367, 3672, 3674, 368, 3690, 3699, 3705, 3710, 3712, 3717, 3726, 374, 3741, 375056, 375612, 3757, 3764, 3767, 3784, 3791, 3816, 388165, 389, 389376, 3909, 3931, 3932, 3939, 3949, 3957, 3958, 3973, 3988, 3990, 3992, 4000, 401505, 401563, 4018, 4023, 4048, 4049, 4053, 406, 406884, 406887, 406891, 406903, 406910, 406912, 406913, 406919, 406921, 406933, 406937, 406941, 406946, 406966, 406978, 406982, 407010, 407014, 407029, 407054, 4088, 421, 4223, 4233, 4254, 4295, 4306, 4311, 4312, 4313, 4314, 4318, 432, 4329, 4352, 4363, 440278, 442890, 4478, 4524, 4599, 4609, 462, 4625, 463, 4633, 4660, 4691, 47, 472, 4734, 476, 477, 478, 4792, 481, 482, 483, 4843, 4846, 4853, 4864, 4878, 4879, 4881, 4886, 490, 4931, 494337, 495, 4973, 4985, 5034, 5037, 50487, 5054, 5069, 51062, 51129, 51330, 51332, 51384, 5139, 5142, 51426, 51530, 5160, 51621, 5166, 5175, 51809, 5209, 5213, 5236, 5294, 5319, 5320, 5327, 5328, 53345, 5335, 5340, 5350, 5371, 5443, 54437, 5444, 5465, 5468, 5471, 54738, 54805, 54901, 54920, 54946, 5495, 54984, 54986, 55083, 551, 5515, 552, 55219, 5534, 55351, 55534, 55596, 55604, 55703, 55714, 55757, 55759, 5580, 5581, 55819, 55973, 5624, 5657, 5685, 5687, 5692, 5693, 56947, 56996, 57222, 5729, 5732, 57338, 5737, 5739, 5742, 5743, 574447, 5753, 57537, 57608, 57731, 57794, 578, 5786, 5799, 581, 5819, 5834, 5868, 59, 595, 596, 5972, 598, 60, 6002, 602, 60674, 6139, 6252, 6258, 6262, 6272, 6285, 629, 6300, 6305, 6311, 6328, 6331, 6347, 6348, 6351, 6376, 6387, 63892, 63935, 63940, 6401, 6402, 6403, 6404, 64087, 64116, 641372, 64174, 64180, 64240, 64241, 64288, 64582, 64805, 64968, 6499, 6523, 6524, 65264, 65268, 6533, 6546, 6548, 6550, 6568, 6580, 6581, 6597, 6647, 6648, 6678, 6713, 6714, 6774, 6776, 6789, 6817, 686, 6874, 6890, 6915, 6916, 6927, 6934, 6935, 6943, 7015, 7031, 7037, 7040, 7056, 7066, 7077, 7083, 7091, 7099, 7103, 7112, 7124, 713, 7137, 7139, 7158, 7161, 7189, 7204, 727, 7274, 7292, 7295, 7296, 7357, 7386, 7412, 7416, 7422, 7442, 7466, 7538, 7718, 775, 7781, 7804, 781, 783, 7846, 7879, 79001, 79068, 79109, 7941, 79583, 79777, 79924, 79987, 80018, 80212, 80271, 80310, 80350, 80724, 80862, 811, 81552, 81624, 817, 81876, 8204, 821, 8216, 8313, 8315, 836, 83696, 83892, 83939, 83992, 84166, 8418, 84300, 84319, 84439, 84530, 84532, 84649, 847, 84722, 84830, 84978, 8525, 85479, 8553, 8613, 8654, 8678, 8701, 8767, 8773, 8854, 8882, 8912, 894, 8943, 8972, 9021, 9031, 9091, 91543, 91851, 9230, 92689, 9314, 9365, 9370, 9415, 9451, 948, 949, 9518, 952, 9588, 959, 9612, 9637, 9745, 9829, 9856, 9871, 9971]","[1557, 1565, 213, 2209, 3760, 4986, 6530, 6532]",1.25,-0.607953652,0.153,1.0
Ischemic heart disease,Guanfacine,"['Ischemic heart disease', 'Guanfacine']","[10, 1000, 100126336, 100133205, 10019, 100507436, 10059, 10060, 10062, 10087, 10111, 10155, 10204, 10221, 1030, 10328, 10384, 10385, 10428, 10452, 10462, 1052, 10531, 10544, 10576, 10611, 10613, 10644, 10665, 1071, 1075, 1080, 10801, 10814, 10840, 10867, 10891, 10906, 10928, 10933, 10959, 10965, 110599563, 11083, 11120, 11173, 11251, 11259, 1129, 113026, 113220, 113263, 11342, 1136, 1143, 114818, 114821, 1152, 1153, 1158, 116519, 117283, 117579, 1180, 120071, 1215, 1269, 1282, 1284, 1302, 1305, 1326, 1329, 134, 135, 136991, 1375, 1379, 1385, 1390, 1398, 140, 1401, 142, 1432, 1441, 144100, 144423, 1445, 145781, 1470, 148738, 1499, 1520, 1524, 153, 153090, 1535, 154, 155, 158219, 1586, 1589, 1593, 162333, 1634, 1636, 1649, 166, 169026, 1737, 177, 1785, 1787, 1803, 1813, 183, 1843, 1848, 185, 1874, 19, 1901, 1906, 1909, 1910, 1952, 1956, 1959, 196, 1991, 20, 2006, 201475, 2029, 203, 2030, 2052, 2053, 2056, 207, 2099, 2100, 2122, 2147, 2149, 2150, 2152, 2153, 2155, 2157, 2158, 2159, 2162, 2168, 217, 2171, 219621, 221458, 221496, 221692, 221895, 2242, 2243, 2244, 2246, 2247, 2249, 226, 2260, 2261, 2272, 2277, 22808, 22834, 22852, 22895, 22919, 22980, 23034, 23037, 23113, 23144, 2321, 23225, 23228, 23274, 23293, 23294, 23316, 23387, 23411, 23428, 23491, 23564, 240, 241, 246, 25, 2529, 253724, 2539, 253943, 2550, 255738, 2560, 25802, 2590, 25902, 259215, 2626, 2628, 2634, 2643, 2646, 2678, 2690, 2697, 26996, 27020, 2710, 27102, 2729, 2730, 27329, 274, 2768, 2784, 28, 283450, 283849, 28984, 29128, 2920, 2932, 2938, 2944, 2946, 2950, 29774, 2982, 2983, 29841, 2992, 29948, 3000, 3030, 3039, 3040, 3082, 30834, 3097, 3098, 3099, 3105, 3111, 3146, 3156, 3158, 3162, 3164, 3172, 3240, 325, 3269, 3291, 3303, 3304, 3306, 3309, 3313, 334, 3340, 335, 3350, 3356, 3357, 337, 338, 3383, 338442, 3397, 3399, 341, 3440, 345, 3458, 3459, 3479, 348, 3481, 3486, 3552, 3553, 3557, 356, 3569, 3570, 3572, 3576, 3586, 3609, 3627, 3654, 3659, 3663, 3667, 367, 3672, 3674, 368, 3690, 3699, 3705, 3710, 3712, 3717, 3726, 374, 3741, 375056, 375612, 3757, 3764, 3767, 3784, 3791, 3816, 388165, 389, 389376, 3909, 3931, 3932, 3939, 3949, 3957, 3958, 3973, 3988, 3990, 3992, 4000, 401505, 401563, 4018, 4023, 4048, 4049, 4053, 406, 406884, 406887, 406891, 406903, 406910, 406912, 406913, 406919, 406921, 406933, 406937, 406941, 406946, 406966, 406978, 406982, 407010, 407014, 407029, 407054, 4088, 421, 4223, 4233, 4254, 4295, 4306, 4311, 4312, 4313, 4314, 4318, 432, 4329, 4352, 4363, 440278, 442890, 4478, 4524, 4599, 4609, 462, 4625, 463, 4633, 4660, 4691, 47, 472, 4734, 476, 477, 478, 4792, 481, 482, 483, 4843, 4846, 4853, 4864, 4878, 4879, 4881, 4886, 490, 4931, 494337, 495, 4973, 4985, 5034, 5037, 50487, 5054, 5069, 51062, 51129, 51330, 51332, 51384, 5139, 5142, 51426, 51530, 5160, 51621, 5166, 5175, 51809, 5209, 5213, 5236, 5294, 5319, 5320, 5327, 5328, 53345, 5335, 5340, 5350, 5371, 5443, 54437, 5444, 5465, 5468, 5471, 54738, 54805, 54901, 54920, 54946, 5495, 54984, 54986, 55083, 551, 5515, 552, 55219, 5534, 55351, 55534, 55596, 55604, 55703, 55714, 55757, 55759, 5580, 5581, 55819, 55973, 5624, 5657, 5685, 5687, 5692, 5693, 56947, 56996, 57222, 5729, 5732, 57338, 5737, 5739, 5742, 5743, 574447, 5753, 57537, 57608, 57731, 57794, 578, 5786, 5799, 581, 5819, 5834, 5868, 59, 595, 596, 5972, 598, 60, 6002, 602, 60674, 6139, 6252, 6258, 6262, 6272, 6285, 629, 6300, 6305, 6311, 6328, 6331, 6347, 6348, 6351, 6376, 6387, 63892, 63935, 63940, 6401, 6402, 6403, 6404, 64087, 64116, 641372, 64174, 64180, 64240, 64241, 64288, 64582, 64805, 64968, 6499, 6523, 6524, 65264, 65268, 6533, 6546, 6548, 6550, 6568, 6580, 6581, 6597, 6647, 6648, 6678, 6713, 6714, 6774, 6776, 6789, 6817, 686, 6874, 6890, 6915, 6916, 6927, 6934, 6935, 6943, 7015, 7031, 7037, 7040, 7056, 7066, 7077, 7083, 7091, 7099, 7103, 7112, 7124, 713, 7137, 7139, 7158, 7161, 7189, 7204, 727, 7274, 7292, 7295, 7296, 7357, 7386, 7412, 7416, 7422, 7442, 7466, 7538, 7718, 775, 7781, 7804, 781, 783, 7846, 7879, 79001, 79068, 79109, 7941, 79583, 79777, 79924, 79987, 80018, 80212, 80271, 80310, 80350, 80724, 80862, 811, 81552, 81624, 817, 81876, 8204, 821, 8216, 8313, 8315, 836, 83696, 83892, 83939, 83992, 84166, 8418, 84300, 84319, 84439, 84530, 84532, 84649, 847, 84722, 84830, 84978, 8525, 85479, 8553, 8613, 8654, 8678, 8701, 8767, 8773, 8854, 8882, 8912, 894, 8943, 8972, 9021, 9031, 9091, 91543, 91851, 9230, 92689, 9314, 9365, 9370, 9415, 9451, 948, 949, 9518, 952, 9588, 959, 9612, 9637, 9745, 9829, 9856, 9871, 9971]","[150, 151, 152, 1557, 1576, 5443, 55244, 5972, 6580, 6582]",1.1,-1.593869177,0.03,1.0
Thromboembolic disease,Methylphenidate,"['Thromboembolic disease', 'Methylphenidate']","[10019, 10461, 10544, 1071, 1129, 1215, 134, 1373, 1401, 1441, 1520, 153090, 154, 1636, 1813, 1901, 1909, 1910, 2056, 207, 2147, 2153, 2159, 2168, 217, 2243, 2244, 23555, 240, 241, 2475, 25, 2539, 255738, 27329, 28, 3000, 3039, 3040, 3091, 3156, 335, 3356, 3357, 338442, 3553, 367, 3674, 3690, 3791, 3818, 3932, 4217, 4233, 4306, 4311, 432, 4524, 462, 47, 476, 477, 478, 481, 482, 483, 4843, 4846, 4886, 495, 5139, 5294, 5319, 5327, 5328, 5340, 5465, 552, 5624, 57153, 57190, 5732, 5739, 5742, 5743, 5747, 5753, 59272, 5972, 6093, 6300, 6311, 64805, 6523, 6524, 65991, 6714, 6915, 7056, 7083, 7166, 727, 7433, 7434, 7498, 781, 79001, 7941, 81603, 84649, 847, 8654, 8767, 8972, 9167]","[1066, 152, 1815, 2353, 3350, 6530, 6531, 6532, 9407, 9456]",1.6,-0.767445522,0.135,1.0
Thromboembolic disease,Amphetamine,"['Thromboembolic disease', 'Amphetamine']","[10019, 10461, 10544, 1071, 1129, 1215, 134, 1373, 1401, 1441, 1520, 153090, 154, 1636, 1813, 1901, 1909, 1910, 2056, 207, 2147, 2153, 2159, 2168, 217, 2243, 2244, 23555, 240, 241, 2475, 25, 2539, 255738, 27329, 28, 3000, 3039, 3040, 3091, 3156, 335, 3356, 3357, 338442, 3553, 367, 3674, 3690, 3791, 3818, 3932, 4217, 4233, 4306, 4311, 432, 4524, 462, 47, 476, 477, 478, 481, 482, 483, 4843, 4846, 4886, 495, 5139, 5294, 5319, 5327, 5328, 5340, 5465, 552, 5624, 57153, 57190, 5732, 5739, 5742, 5743, 5747, 5753, 59272, 5972, 6093, 6300, 6311, 64805, 6523, 6524, 65991, 6714, 6915, 7056, 7083, 7166, 727, 7433, 7434, 7498, 781, 79001, 7941, 81603, 84649, 847, 8654, 8767, 8972, 9167]","[116, 134864, 135, 1390, 147, 148, 150, 153, 1548, 1565, 1813, 2247, 2353, 2572, 2697, 2890, 2902, 2915, 3020, 3021, 3363, 3758, 4128, 4129, 468, 4803, 51655, 5173, 5595, 5999, 6530, 6531, 6532, 6571, 6581, 6584, 6622, 6794, 7054, 7098, 84152, 847, 9407, 9607]",1.5,-2.054256199,0.02,0.84
Thromboembolic disease,Dexamphetamine ,"['Thromboembolic disease', 'Dexamphetamine (Dextroamphetamine)']","[10019, 10461, 10544, 1071, 1129, 1215, 134, 1373, 1401, 1441, 1520, 153090, 154, 1636, 1813, 1901, 1909, 1910, 2056, 207, 2147, 2153, 2159, 2168, 217, 2243, 2244, 23555, 240, 241, 2475, 25, 2539, 255738, 27329, 28, 3000, 3039, 3040, 3091, 3156, 335, 3356, 3357, 338442, 3553, 367, 3674, 3690, 3791, 3818, 3932, 4217, 4233, 4306, 4311, 432, 4524, 462, 47, 476, 477, 478, 481, 482, 483, 4843, 4846, 4886, 495, 5139, 5294, 5319, 5327, 5328, 5340, 5465, 552, 5624, 57153, 57190, 5732, 5739, 5742, 5743, 5747, 5753, 59272, 5972, 6093, 6300, 6311, 64805, 6523, 6524, 65991, 6714, 6915, 7056, 7083, 7166, 727, 7433, 7434, 7498, 781, 79001, 7941, 81603, 84649, 847, 8654, 8767, 8972, 9167]","[134864, 147, 1565, 6530, 6531, 6571]",1.8333333333333333,-0.317332352,0.185,1.0
Thromboembolic disease,Lisdexamfetamine,"['Thromboembolic disease', 'Lisdexamfetamine']","[10019, 10461, 10544, 1071, 1129, 1215, 134, 1373, 1401, 1441, 1520, 153090, 154, 1636, 1813, 1901, 1909, 1910, 2056, 207, 2147, 2153, 2159, 2168, 217, 2243, 2244, 23555, 240, 241, 2475, 25, 2539, 255738, 27329, 28, 3000, 3039, 3040, 3091, 3156, 335, 3356, 3357, 338442, 3553, 367, 3674, 3690, 3791, 3818, 3932, 4217, 4233, 4306, 4311, 432, 4524, 462, 47, 476, 477, 478, 481, 482, 483, 4843, 4846, 4886, 495, 5139, 5294, 5319, 5327, 5328, 5340, 5465, 552, 5624, 57153, 57190, 5732, 5739, 5742, 5743, 5747, 5753, 59272, 5972, 6093, 6300, 6311, 64805, 6523, 6524, 65991, 6714, 6915, 7056, 7083, 7166, 727, 7433, 7434, 7498, 781, 79001, 7941, 81603, 84649, 847, 8654, 8767, 8972, 9167]","[134864, 1565, 6564]",2.333333333333333,2.222692582974526,0.962,1.0
Thromboembolic disease,Atomoxetine,"['Thromboembolic disease', 'Nonstimulants(atomoxetine)']","[10019, 10461, 10544, 1071, 1129, 1215, 134, 1373, 1401, 1441, 1520, 153090, 154, 1636, 1813, 1901, 1909, 1910, 2056, 207, 2147, 2153, 2159, 2168, 217, 2243, 2244, 23555, 240, 241, 2475, 25, 2539, 255738, 27329, 28, 3000, 3039, 3040, 3091, 3156, 335, 3356, 3357, 338442, 3553, 367, 3674, 3690, 3791, 3818, 3932, 4217, 4233, 4306, 4311, 432, 4524, 462, 47, 476, 477, 478, 481, 482, 483, 4843, 4846, 4886, 495, 5139, 5294, 5319, 5327, 5328, 5340, 5465, 552, 5624, 57153, 57190, 5732, 5739, 5742, 5743, 5747, 5753, 59272, 5972, 6093, 6300, 6311, 64805, 6523, 6524, 65991, 6714, 6915, 7056, 7083, 7166, 727, 7433, 7434, 7498, 781, 79001, 7941, 81603, 84649, 847, 8654, 8767, 8972, 9167]","[1557, 1565, 213, 2209, 3760, 4986, 6530, 6532]",1.875,0.6048660149329721,0.549,1.0
Thromboembolic disease,Guanfacine,"['Thromboembolic disease', 'Guanfacine']","[10019, 10461, 10544, 1071, 1129, 1215, 134, 1373, 1401, 1441, 1520, 153090, 154, 1636, 1813, 1901, 1909, 1910, 2056, 207, 2147, 2153, 2159, 2168, 217, 2243, 2244, 23555, 240, 241, 2475, 25, 2539, 255738, 27329, 28, 3000, 3039, 3040, 3091, 3156, 335, 3356, 3357, 338442, 3553, 367, 3674, 3690, 3791, 3818, 3932, 4217, 4233, 4306, 4311, 432, 4524, 462, 47, 476, 477, 478, 481, 482, 483, 4843, 4846, 4886, 495, 5139, 5294, 5319, 5327, 5328, 5340, 5465, 552, 5624, 57153, 57190, 5732, 5739, 5742, 5743, 5747, 5753, 59272, 5972, 6093, 6300, 6311, 64805, 6523, 6524, 65991, 6714, 6915, 7056, 7083, 7166, 727, 7433, 7434, 7498, 781, 79001, 7941, 81603, 84649, 847, 8654, 8767, 8972, 9167]","[150, 151, 152, 1557, 1576, 5443, 55244, 5972, 6580, 6582]",1.7,-0.473795605,0.18,1.0